Rk,Player,Age,Tm,Pos,GP,G,A,PTS,GC,plusMinus,PIM,EV,PP,SH,GW,S,S%,TOI,ATOI
1,Evgeni Malkin,25,PIT,C,75,50,59,109,43,18,70,38,12,0,9,339,14.7,1577,21:01
2,Steven Stamkos,21,TBL,C,82,60,37,97,43,7,66,48,12,0,12,303,19.8,1806,22:01
3,Claude Giroux,24,PHI,RW,77,28,65,93,32,6,29,22,6,0,5,242,11.6,1659,21:33
4,Jason Spezza,28,OTT,C,80,34,50,84,32,11,36,24,10,0,2,232,14.7,1594,19:55
5,Ilya Kovalchuk,28,NJD,LW,77,37,46,83,32,-9,33,24,10,3,5,310,11.9,1882,24:26:00
6,Phil Kessel,24,TOR,C,82,37,45,82,32,-10,20,27,10,0,6,295,12.5,1645,20:03
7,James Neal,24,PIT,LW,80,40,41,81,32,6,87,22,18,0,4,329,12.2,1531,19:08
8,Henrik Sedin,31,VAN,C,82,14,67,81,25,23,52,6,8,0,6,113,12.4,1565,19:05
9,John Tavares,21,NYI,C,82,31,50,81,30,-6,26,24,7,0,8,286,10.8,1687,20:34
10,Patrik Elias,35,NJD,LW,81,26,52,78,28,-8,16,16,8,2,3,164,15.9,1608,19:51
11,Erik Karlsson,21,OTT,D,81,19,59,78,26,16,42,16,3,0,5,261,7.3,2051,25:19:00
12,Marian Hossa,33,CHI,RW,81,29,48,77,28,18,20,18,9,2,4,248,11.7,1617,19:58
13,Joe Thornton,32,SJS,C,82,18,59,77,25,17,31,14,4,0,2,156,11.5,1678,20:28
14,Ray Whitney,39,PHX,LW,82,24,53,77,27,26,28,16,8,0,1,185,13,1529,18:39
15,Jordan Eberle,21,EDM,C,78,34,42,76,29,4,10,24,10,0,4,180,18.9,1373,17:36
16,Marian Gaborik,29,NYR,RW,82,41,35,76,31,15,34,31,10,0,7,276,14.9,1600,19:31
17,Anze Kopitar,24,LAK,C,82,25,51,76,27,12,20,15,8,2,2,230,10.9,1750,21:20
18,Martin St. Louis,36,TBL,RW,77,25,49,74,27,-3,16,21,4,0,3,185,13.5,1743,22:38
19,Jason Pominville,29,BUF,RW,82,30,43,73,28,-7,12,20,8,2,5,235,12.8,1614,19:41
20,Loui Eriksson,26,DAL,LW,82,26,45,71,26,18,12,19,5,2,3,187,13.9,1620,19:46
21,Eric Staal,27,CAR,C,82,24,46,70,26,-20,48,14,7,3,3,262,9.2,1767,21:33
22,Matt Moulson,28,NYI,LW,82,36,33,69,28,1,6,22,14,0,5,219,16.4,1583,19:18
23,Zach Parise,27,NJD,C,82,31,38,69,27,-5,32,21,7,3,3,293,10.6,1762,21:29
24,Patrick Sharp,30,CHI,C,74,33,36,69,27,28,38,25,7,1,8,282,11.7,1473,19:54
25,Henrik Zetterberg,31,DET,LW,82,22,47,69,24,14,47,19,3,0,4,267,8.2,1627,19:50
26,Pavel Datsyuk,33,DET,C,70,19,48,67,23,21,14,15,4,0,5,164,11.6,1370,19:34
27,Scott Hartnell,29,PHI,RW,82,37,30,67,28,19,136,21,16,0,6,232,15.9,1458,17:47
28,Jarome Iginla,34,CGY,RW,82,32,35,67,27,-10,43,24,8,0,5,251,12.7,1690,20:36
29,Joffrey Lupul,28,TOR,C,66,25,42,67,25,1,48,17,8,0,3,191,13.1,1228,18:37
30,P.A. Parenteau,28,NYI,LW,80,18,49,67,23,-8,89,12,6,0,2,167,10.8,1492,18:39
31,Daniel Sedin,31,VAN,LW,72,30,37,67,26,14,40,20,10,0,6,229,13.1,1355,18:49
32,Tyler Seguin,20,BOS,C,81,29,38,67,26,34,30,24,5,0,7,242,12,1372,16:56
33,Valtteri Filppula,27,DET,C,81,23,43,66,24,18,14,19,3,1,1,144,16,1479,18:16
34,Patrick Kane,23,CHI,RW,82,23,43,66,24,7,40,19,4,0,5,253,9.1,1656,20:12
35,Brad Richards,31,NYR,C,82,25,41,66,24,-1,22,18,7,0,9,229,10.9,1662,20:16
36,Teemu Selanne,41,ANA,RW,82,26,40,66,25,-1,50,14,12,0,4,210,12.4,1466,17:53
37,Logan Couture,22,SJS,C,80,31,34,65,25,2,16,18,11,2,5,245,12.7,1485,18:34
38,Alex Ovechkin,26,WSH,LW,78,38,27,65,28,-8,26,25,13,0,3,303,12.5,1544,19:48
39,Max Pacioretty,23,MTL,LW,79,33,32,65,27,2,56,29,4,0,5,286,11.5,1443,18:16
40,Teddy Purcell,26,TBL,RW,81,24,41,65,24,9,16,16,8,0,3,152,15.8,1307,16:08
41,Patrice Bergeron,26,BOS,C,81,22,42,64,24,36,20,15,5,2,3,191,11.5,1505,18:35
42,Patrick Marleau,32,SJS,C,82,30,34,64,25,10,26,20,10,0,8,251,12,1679,20:29
43,Blake Wheeler,25,WPG,RW,80,17,47,64,22,3,55,11,6,0,3,208,8.2,1526,19:05
44,Jamie Benn,22,DAL,LW,71,26,37,63,23,15,55,23,2,1,7,203,12.8,1283,18:04
45,Mike Ribeiro,31,DAL,C,74,18,45,63,21,5,66,16,2,0,5,142,12.7,1484,20:03
46,David Krejci,25,BOS,C,79,23,39,62,23,-5,36,21,2,0,2,145,15.9,1455,18:25
47,Michael Ryder,31,DAL,RW,82,35,27,62,26,17,46,28,7,0,6,211,16.6,1425,17:23
48,Radim Vrbata,30,PHX,RW,77,35,27,62,26,24,24,25,9,1,12,232,15.1,1435,18:39
49,Erik Cole,33,MTL,LW,82,35,26,61,26,11,48,24,11,0,6,241,14.5,1519,18:32
50,Tomas Fleischmann,27,FLA,LW,82,27,34,61,24,-7,26,21,6,0,4,217,12.4,1566,19:06
51,Olli Jokinen,33,CGY,C,82,23,38,61,23,-12,54,14,9,0,5,223,10.3,1555,18:58
52,Chris Kunitz,32,PIT,LW,82,26,35,61,23,16,49,20,6,0,3,230,11.3,1502,18:19
53,Milan Lucic,23,BOS,LW,81,26,35,61,24,7,135,19,7,0,1,149,17.4,1379,17:02
54,Joe Pavelski,27,SJS,C,82,31,30,61,24,18,31,22,8,1,2,269,11.5,1690,20:37
55,Thomas Vanek,28,BUF,LW,78,26,35,61,23,-6,52,16,10,0,5,204,12.7,1321,16:56
56,David Desharnais,25,MTL,C,81,16,44,60,21,10,24,13,3,0,2,98,16.3,1490,18:24
57,Milan Michalek,27,OTT,RW,77,35,25,60,26,4,32,24,10,1,3,212,16.5,1506,19:33
58,Corey Perry,26,ANA,RW,80,37,23,60,26,-7,127,22,14,1,6,277,13.4,1710,21:23
59,Daniel Alfredsson,39,OTT,RW,75,27,32,59,23,16,18,17,7,3,4,191,14.1,1421,18:57
60,Pascal Dupuis,32,PIT,LW,82,25,34,59,23,18,34,22,0,3,8,214,11.7,1388,16:56
61,Rick Nash,27,CBJ,LW,82,30,29,59,24,-19,40,22,6,2,2,306,9.8,1565,19:05
62,Justin Williams,30,LAK,RW,82,22,37,59,22,10,44,13,9,0,2,241,9.1,1406,17:09
63,Martin Erat,30,NSH,LW,71,19,39,58,21,12,30,13,5,1,3,107,17.8,1312,18:29
64,Ryan Getzlaf,26,ANA,C,82,11,46,57,18,-11,75,7,4,0,4,185,5.9,1771,21:36
65,Evander Kane,20,WPG,C,74,30,27,57,23,11,53,24,6,0,4,287,10.5,1296,17:31
66,Bobby Ryan,24,ANA,RW,82,31,26,57,24,1,53,26,3,2,3,204,15.2,1505,18:21
67,Jonathan Toews,23,CHI,C,59,29,28,57,23,17,28,23,5,1,4,185,15.7,1230,20:51
68,Stephen Weiss,28,FLA,C,80,20,37,57,21,5,60,14,5,1,6,149,13.4,1641,20:31
69,Johan Franzen,32,DET,C,77,29,27,56,23,23,40,18,11,0,10,211,13.7,1363,17:42
70,Brad Marchand,23,BOS,C,76,28,27,55,23,31,87,22,5,1,3,167,16.8,1339,17:37
71,Ryan O'Reilly,20,COL,C,81,18,37,55,20,-1,12,14,4,0,3,189,9.5,1582,19:32
72,Vinny Prospal,36,CBJ,C,82,16,39,55,19,-11,36,13,3,0,0,165,9.7,1467,17:53
73,David Backes,27,STL,RW,82,24,30,54,21,15,101,14,8,2,4,234,10.3,1640,0.833333333
74,Dustin Brown,27,LAK,RW,82,22,32,54,20,18,53,12,9,1,6,214,10.3,1654,20:10
75,Ryan Callahan,26,NYR,RW,76,29,25,54,22,-8,61,15,13,1,9,235,12.3,1599,21:02
76,Jaromir Jagr,39,PHI,RW,73,19,35,54,20,5,30,11,8,0,2,170,11.2,1193,16:20
77,T.J. Oshie,25,STL,C,80,19,35,54,20,15,50,15,3,1,3,188,10.1,1562,19:32
78,Alexander Semin,27,WSH,LW,77,21,33,54,20,9,56,19,2,0,1,183,11.5,1293,16:47
79,Kris Versteeg,25,FLA,RW,71,23,31,54,21,4,49,14,8,1,5,181,12.7,1414,19:55
80,Dustin Byfuglien,26,WPG,D,66,12,41,53,17,-8,72,8,4,0,3,223,5.4,1592,24:07:00
81,Brian Campbell,32,FLA,D,82,4,49,53,15,-9,6,3,1,0,0,131,3.1,2206,26:54:00
82,Taylor Hall,20,EDM,LW,61,27,26,53,21,-3,36,14,13,0,7,207,13,1111,18:13
83,Dany Heatley,31,MIN,RW,82,24,29,53,21,2,28,16,8,0,3,238,10.1,1717,20:57
84,David Legwand,31,NSH,C,78,19,34,53,19,3,26,14,5,0,2,140,13.6,1445,18:31
85,Paul Stastny,26,COL,C,79,21,32,53,20,-8,34,14,7,0,2,190,11.1,1488,18:50
86,Alexandre Burrows,30,VAN,LW,80,28,24,52,21,24,90,23,3,2,7,198,14.1,1478,18:28
87,Zdeno Chara,34,BOS,D,79,12,40,52,18,33,86,4,8,0,0,224,5.4,1975,25:00:00
88,Gabriel Landeskog,19,COL,LW,82,22,30,52,20,20,51,16,6,0,5,270,8.1,1526,18:37
89,Ryan Nugent-Hopkins,18,EDM,C,62,18,34,52,19,-2,16,15,3,0,2,134,13.4,1092,17:36
90,Tomas Plekanec,29,MTL,C,81,17,35,52,19,-15,56,9,5,3,2,220,7.7,1681,20:45
91,Mike Fisher,31,NSH,C,72,24,27,51,20,11,33,19,5,0,7,157,15.3,1389,19:18
92,Mikhail Grabovski,28,TOR,C,74,23,28,51,20,0,51,18,5,0,2,163,14.1,1303,17:36
93,Adam Henrique,21,NJD,C,74,16,35,51,18,8,7,12,0,4,3,130,12.3,1344,18:10
94,Alex Pietrangelo,22,STL,D,81,12,39,51,17,16,36,6,6,0,6,202,5.9,2003,24:44:00
95,Derek Stepan,21,NYR,C,82,17,34,51,18,14,22,13,4,0,4,169,10.1,1554,18:57
96,Shane Doan,35,PHX,RW,79,22,28,50,19,-8,48,17,5,0,5,226,9.7,1548,19:36
97,Jiri Hudler,28,DET,C,81,25,25,50,20,10,42,23,2,0,2,127,19.7,1269,15:40
98,Andrew Ladd,26,WPG,LW,82,28,22,50,21,-8,64,24,4,0,6,265,10.6,1604,19:34
99,Jordan Staal,23,PIT,C,62,25,25,50,20,11,34,17,5,3,0,149,16.8,1243,20:03
100,Drew Stafford,26,BUF,RW,80,20,30,50,19,5,46,16,3,1,4,226,8.8,1412,17:39
101,Danny Briere,34,PHI,C,70,16,33,49,17,5,69,12,4,0,3,174,9.2,1215,17:22
102,Alexander Edler,25,VAN,D,82,11,38,49,16,0,34,5,5,1,0,228,4.8,1957,23:52
103,Ryan Kesler,27,VAN,C,77,22,27,49,19,11,56,13,8,1,1,222,9.9,1547,20:06
104,Vincent Lecavalier,31,TBL,C,64,22,27,49,19,-2,50,17,5,0,5,182,12.1,1212,18:56
105,Wayne Simmonds,23,PHI,RW,82,28,21,49,21,-1,114,17,11,0,4,197,14.2,1305,15:55
106,Alex Tanguay,32,CGY,LW,64,13,36,49,17,7,28,11,1,1,3,84,15.5,1219,19:03
107,Jakub Voracek,22,PHI,RW,78,18,31,49,18,11,32,18,0,0,2,190,9.5,1271,16:17
108,Shea Weber,26,NSH,D,78,19,30,49,18,21,46,7,10,2,1,230,8.3,2041,26:10:00
109,Dan Boyle,35,SJS,D,81,9,39,48,15,10,57,6,3,0,2,252,3.6,2072,1:35
110,Curtis Glencross,29,CGY,LW,67,26,22,48,20,-13,62,17,8,1,3,110,23.6,1208,18:01
111,Ryan Malone,32,TBL,LW,68,20,28,48,18,-11,82,14,5,1,2,144,13.9,1203,17:41
112,Steve Sullivan,37,PIT,C,79,17,31,48,17,-3,20,12,5,0,1,140,12.1,1213,15:22
113,Tyler Bozak,25,TOR,C,73,18,29,47,17,-7,22,14,4,0,1,109,16.5,1375,18:51
114,Nick Foligno,24,OTT,LW,82,15,32,47,17,2,124,14,1,0,3,153,9.8,1201,14:39
115,Sam Gagner,22,EDM,C,75,18,29,47,17,5,36,12,6,0,0,149,12.1,1289,17:11
116,Frans Nielsen,27,NYI,C,82,17,30,47,17,-3,6,12,5,0,1,133,12.8,1431,17:27
117,Matt Read,25,PHI,RW,79,24,23,47,19,13,12,18,4,2,6,155,15.5,1348,17:04
118,Mark Streit,34,NYI,D,82,7,40,47,14,-27,46,4,3,0,1,149,4.7,1917,23:23
119,Kyle Wellwood,28,WPG,C,77,18,29,47,17,3,4,14,4,0,1,93,19.4,1151,14:57
120,David Clarkson,27,NJD,RW,80,30,16,46,20,-8,138,22,8,0,7,228,13.2,1309,16:22
121,Marcus Johansson,21,WSH,C,80,14,32,46,16,-5,8,13,1,0,3,90,15.6,1344,16:48
122,Jussi Jokinen,28,CAR,LW,79,12,34,46,16,-2,54,7,3,2,3,118,10.2,1396,17:40
123,Bryan Little,24,WPG,C,74,24,22,46,19,-11,26,18,6,0,6,162,14.8,1496,20:13
124,Ryan Smyth,35,EDM,LW,82,19,27,46,17,-5,82,15,4,0,4,194,9.8,1565,19:05
125,Ryan Suter,27,NSH,D,79,7,39,46,14,15,30,3,3,1,1,134,5.2,2094,26:30:00
126,Dennis Wideman,28,WSH,D,82,11,35,46,16,-8,46,7,4,0,3,175,6.3,1960,23:54
127,Ryane Clowe,29,SJS,LW,76,17,28,45,16,-5,97,13,4,0,2,180,9.4,1358,17:52
128,Kyle Okposo,23,NYI,RW,79,24,21,45,18,-15,46,21,3,0,2,152,15.8,1348,17:04
129,Nicklas Backstrom,24,WSH,C,42,14,30,44,16,-4,24,11,3,0,4,95,14.7,805,19:10
130,Kevin Bieksa,30,VAN,D,78,8,36,44,14,12,94,6,2,0,2,166,4.8,1844,23:38
131,Kyle Brodziak,27,MIN,C,82,22,22,44,18,-15,66,17,5,0,0,160,13.8,1563,19:04
132,Mikko Koivu,28,MIN,C,55,12,32,44,15,10,28,9,2,1,2,129,9.3,1174,21:21
133,Dion Phaneuf,26,TOR,D,82,12,32,44,15,-10,92,5,7,0,1,202,5.9,2074,25:17:00
134,Mike Richards,26,LAK,C,74,18,26,44,17,3,71,11,3,4,1,171,10.5,1398,18:53
135,Derek Roy,28,BUF,C,80,17,27,44,16,-7,54,10,6,1,2,176,9.7,1546,19:19
136,Jeff Skinner,19,CAR,RW,64,20,24,44,18,-8,56,16,4,0,5,210,9.5,1192,18:37
137,Petr Sykora,35,NJD,RW,82,21,23,44,17,4,40,17,4,0,6,170,12.4,1304,15:54
138,Dainius Zubrus,33,NJD,RW,82,17,27,44,16,7,34,10,4,3,2,109,15.6,1532,18:41
139,Chris Higgins,28,VAN,C,71,18,25,43,16,11,16,16,1,1,4,165,10.9,1158,16:19
140,Patric Hornqvist,25,NSH,RW,76,27,16,43,19,9,28,19,8,0,3,230,11.7,1165,15:20
141,Sergei Kostitsyn,24,NSH,LW,75,17,26,43,16,8,34,15,1,1,3,97,17.5,1235,16:28
142,Clarke MacArthur,26,TOR,LW,73,20,23,43,17,3,37,17,3,0,4,148,13.5,1157,15:51
143,Kevin Shattenkirk,23,STL,D,81,9,34,43,14,20,60,4,5,0,2,178,5.1,1750,21:36
144,Viktor Stalberg,26,CHI,LW,79,22,21,43,17,6,34,22,0,0,6,215,10.2,1112,14:04
145,Kimmo Timonen,36,PHI,D,76,4,39,43,13,8,46,0,4,0,0,130,3.1,1614,21:14
146,Keith Yandle,25,PHX,D,82,11,32,43,14,5,51,11,0,0,2,196,5.6,1832,22:20
147,Kris Letang,24,PIT,D,51,10,32,42,14,21,34,5,4,1,3,142,7,1267,24:50:00
148,David Perron,23,STL,LW,57,21,21,42,17,19,28,15,5,1,4,114,18.4,1042,18:17
149,Rich Peverley,29,BOS,C,57,11,31,42,15,20,22,10,1,0,1,112,9.8,963,16:54
150,Derick Brassard,24,CBJ,C,74,14,27,41,15,-20,42,9,5,0,3,125,11.2,1209,16:20
151,Michael Cammalleri,29,TOT,C,66,20,21,41,17,-10,26,17,3,0,4,175,11.4,1195,18:07
152,Michael Del Zotto,21,NYR,D,77,10,31,41,14,20,36,8,1,1,2,113,8.8,1728,22:26
153,Steve Downie,24,TOT,RW,75,14,27,41,15,-6,137,12,2,0,2,140,10,1195,15:56
154,Cody Hodgson,21,TOT,C,83,19,22,41,16,1,10,12,7,0,3,154,12.3,1147,13:49
155,Brooks Laich,28,WSH,C,82,16,25,41,16,-8,34,10,5,1,5,191,8.4,1517,18:30
156,Duncan Keith,28,CHI,D,74,4,36,40,12,15,42,3,1,0,1,162,2.5,1990,26:54:00
157,R.J. Umberger,29,CBJ,C,77,20,20,40,16,-10,27,15,5,0,3,200,10,1401,18:11
158,Jason Chimera,32,WSH,LW,82,20,19,39,16,4,78,17,1,2,5,205,9.8,1184,14:26
159,Jannik Hansen,25,VAN,LW,82,16,23,39,15,18,34,15,0,1,1,137,11.7,1222,14:54
160,Chris Kelly,31,BOS,C,82,20,19,39,16,33,41,17,1,2,6,122,16.4,1208,14:44
161,Steve Ott,29,DAL,C,74,11,28,39,13,5,156,7,4,0,2,108,10.2,1357,18:21
162,Patrik Berglund,23,STL,C,82,19,19,38,15,4,30,17,0,2,3,188,10.1,1473,17:58
163,Todd Bertuzzi,36,DET,RW,71,14,24,38,14,23,64,14,0,0,1,118,11.9,1104,15:33
164,Matt Carle,27,PHI,D,82,4,34,38,11,4,36,1,3,0,0,132,3,1888,23:01
165,Matt Cooke,33,PIT,LW,82,19,19,38,15,5,44,16,1,2,4,147,12.9,1286,15:41
166,Carl Hagelin,23,NYR,LW,64,14,24,38,14,21,24,12,0,2,2,131,10.7,963,15:03
167,Jack Johnson,25,TOT,D,82,12,26,38,13,-7,39,7,5,0,5,176,6.8,1949,23:46
168,Saku Koivu,37,ANA,C,74,11,27,38,13,7,50,11,0,0,1,107,10.3,1341,18:08
169,Dave Bolland,25,CHI,C,76,19,18,37,15,0,47,9,7,3,2,126,15.1,1254,16:30
170,Brent Burns,26,SJS,D,81,11,26,37,13,8,34,6,5,0,2,201,5.5,1826,22:32
171,Sidney Crosby,24,PIT,C,22,8,29,37,12,15,14,6,2,0,3,75,10.7,406,18:28
172,Sergei Gonchar,37,OTT,D,74,5,32,37,11,-4,55,3,2,0,1,131,3.8,1647,22:15
173,Colin Greening,25,OTT,C,82,17,20,37,15,-4,46,13,4,0,0,184,9.2,1278,15:35
174,Dan Hamhuis,29,VAN,D,82,4,33,37,11,29,46,3,1,0,0,140,2.9,1921,23:26
175,Milan Hejduk,35,COL,RW,81,14,23,37,14,-12,14,8,6,0,1,170,8.2,1378,17:01
176,David Jones,27,COL,RW,72,20,17,37,15,-8,32,16,3,1,5,136,14.7,1134,15:45
177,Lauri Korpikoski,25,PHX,LW,82,17,20,37,14,3,14,14,0,3,3,146,11.6,1405,17:08
178,Nick Leddy,20,CHI,D,82,3,34,37,11,-12,10,3,0,0,0,94,3.2,1811,22:05
179,Jamie McGinn,23,TOT,LW,78,20,17,37,15,-3,37,14,6,0,2,159,12.6,1049,13:27
180,Antoine Vermette,29,TOT,C,82,11,26,37,13,-13,28,6,4,1,4,149,7.4,1411,17:12
181,Artem Anisimov,23,NYR,C,79,16,20,36,14,12,34,11,4,1,1,132,12.1,1217,15:24
182,Tim Connolly,30,TOR,C,70,13,23,36,13,-14,40,11,2,0,3,104,12.5,1190,17:00
183,Drew Doughty,22,LAK,D,77,10,26,36,12,-2,69,7,3,0,3,168,6,1917,24:54:00
184,Ales Hemsky,28,EDM,RW,69,10,26,36,12,-13,43,9,1,0,1,137,7.3,1214,17:36
185,Andrei Kostitsyn,26,TOT,LW,72,16,20,36,14,-1,26,11,5,0,5,122,13.1,1088,15:07
186,Niklas Kronwall,31,DET,D,82,15,21,36,14,-2,38,8,7,0,4,141,10.6,1875,22:52
187,Devin Setoguchi,25,MIN,RW,69,19,17,36,15,-17,28,12,7,0,2,174,10.9,1214,17:36
188,Craig Smith,22,NSH,C,72,14,22,36,13,-9,30,8,6,0,1,172,8.1,1022,14:11
189,P.K. Subban,22,MTL,D,81,7,29,36,12,9,119,2,5,0,0,205,3.4,1968,24:18:00
190,Jiri Tlusty,23,CAR,C,79,17,19,36,15,1,26,15,2,0,1,136,12.5,1178,14:54
191,Nik Antropov,31,WPG,C,69,15,20,35,13,0,42,11,4,0,0,95,15.8,1140,16:31
192,Matt Cullen,35,MIN,C,73,14,21,35,13,-10,24,10,4,0,0,164,8.5,1382,18:56
193,Colin Wilson,22,NSH,C,68,15,20,35,13,5,21,10,5,0,5,114,13.2,1097,16:08
194,Jason Arnott,37,STL,C,72,17,17,34,14,13,26,11,6,0,3,142,12,1014,14:05
195,Jeff Carter,27,TOT,C,55,21,13,34,15,-12,16,11,10,0,2,184,11.4,1055,19:11
196,Brandon Dubinsky,25,NYR,C,77,10,24,34,12,16,110,9,0,1,1,140,7.1,1253,16:16
197,Tyler Ennis,22,BUF,C,48,15,19,34,13,11,14,13,2,0,1,82,18.3,776,16:10
198,Martin Hanzal,24,PHX,C,64,8,26,34,11,12,63,5,3,0,2,145,5.5,1180,18:27
199,Shawn Horcoff,33,EDM,C,81,13,21,34,13,-23,24,8,5,0,0,123,10.6,1586,19:35
200,Nicklas Lidstrom,41,DET,D,70,11,23,34,12,21,28,7,4,0,0,148,7.4,1664,23:46
201,Tuomo Ruutu,28,CAR,C,72,18,16,34,15,-3,50,15,3,0,2,156,11.5,1185,16:28
202,Brent Seabrook,26,CHI,D,78,9,25,34,11,21,22,7,2,0,3,156,5.8,1929,24:43:00
203,Maxime Talbot,27,PHI,C,81,19,15,34,14,5,59,16,1,2,2,115,16.5,1296,0.666666667
204,Troy Brouwer,26,WSH,RW,82,18,15,33,14,-15,61,15,3,0,5,133,13.5,1408,17:11
205,Dan Cleary,33,DET,LW,75,12,21,33,12,2,30,10,2,0,0,199,6,1199,15:59
206,Tobias Enstrom,27,WPG,D,62,6,27,33,10,6,38,4,2,0,1,94,6.4,1478,23:51
207,Jason Garrison,27,FLA,D,77,16,17,33,13,6,32,7,9,0,3,168,9.5,1825,23:42
208,Ryan Jones,27,EDM,LW,79,17,16,33,13,-7,42,12,3,2,2,137,12.4,1219,15:26
209,Tyler Kennedy,25,PIT,C,60,11,22,33,12,10,29,11,0,0,1,195,5.6,862,14:22
210,Alexei Ponikarovsky,31,TOT,LW,82,14,19,33,13,-3,34,10,4,0,2,156,9,1209,14:45
211,Josh Bailey,22,NYI,C,80,13,19,32,12,-10,32,9,1,3,1,104,12.5,1218,15:13
212,John Carlson,22,WSH,D,82,9,23,32,11,-15,22,5,4,0,0,152,5.9,1792,21:52
213,Christian Ehrhoff,29,BUF,D,66,5,27,32,10,-2,47,4,1,0,3,136,3.7,1522,23:03
214,Oliver Ekman-Larsson,20,PHX,D,82,13,19,32,12,0,32,10,2,1,2,147,8.8,1813,22:07
215,Michael Grabner,24,NYI,RW,78,20,12,32,14,-18,12,18,1,1,3,174,11.5,1212,15:33
216,Nathan Horton,26,BOS,C,46,17,15,32,13,0,54,11,6,0,3,90,18.9,733,15:56
217,Tomas Kopecky,29,FLA,RW,80,10,22,32,11,-8,32,8,2,0,2,143,7,1382,17:16
218,Filip Kuba,35,OTT,D,73,6,26,32,10,26,26,3,3,0,2,78,7.7,1724,23:37
219,Chad LaRose,29,CAR,RW,67,19,13,32,14,-15,48,15,3,1,5,199,9.5,1123,16:46
220,Ryan McDonagh,22,NYR,D,82,7,25,32,10,25,44,7,0,0,1,123,5.7,2029,24:44:00
221,Nikita Nikitin,25,TOT,D,61,7,25,32,11,-10,18,4,3,0,3,103,6.8,1415,23:12
222,Benoit Pouliot,25,BOS,LW,74,16,16,32,13,18,38,15,1,0,5,107,15,904,12:13
223,Brandon Sutter,22,CAR,C,82,17,15,32,14,-3,21,12,2,3,0,171,9.9,1427,17:24
224,Ian White,27,DET,D,77,7,25,32,10,23,22,7,0,0,0,196,3.6,1770,22:59
225,Tomas Kaberle,33,TOT,D,72,3,28,31,9,-18,12,2,1,0,0,87,3.4,1276,17:43
226,Mikael Samuelsson,35,TOT,RW,54,14,17,31,12,1,20,7,7,0,1,138,10.1,861,15:57
227,Zach Bogosian,21,WPG,D,65,5,25,30,9,-3,71,4,1,0,0,150,3.3,1516,23:19
228,David Booth,27,TOT,LW,62,16,14,30,12,-5,34,13,3,0,1,159,10.1,926,14:56
229,Jake Gardiner,21,TOR,D,75,7,23,30,10,-2,18,6,1,0,0,79,8.9,1619,21:35
230,Alex Goligoski,26,DAL,D,71,9,21,30,10,0,16,7,2,0,1,140,6.4,1617,22:46
231,Daymond Langkow,35,PHX,C,73,11,19,30,11,-4,14,10,1,0,1,112,9.8,1150,15:45
232,Mathieu Perreault,24,WSH,C,64,16,14,30,13,9,24,14,2,0,4,60,26.7,770,12:02
233,Chris Stewart,24,STL,RW,79,15,15,30,12,1,109,13,2,0,1,166,9,1220,15:26
234,Jordin Tootoo,28,NSH,RW,77,6,24,30,10,-5,92,5,1,0,1,136,4.4,1013,13:09
235,Jay Bouwmeester,28,CGY,D,82,5,24,29,9,-21,26,3,2,0,1,107,4.7,2129,1:57
236,Cam Fowler,20,ANA,D,82,5,24,29,9,-28,18,3,2,0,0,123,4.1,1907,23:16
237,Dan Girardi,27,NYR,D,82,5,24,29,9,13,20,4,1,0,2,122,4.1,2152,26:15:00
238,Kyle Turris,22,TOT,C,55,12,17,29,11,10,31,11,1,0,2,142,8.5,927,16:51
239,Alexander Burmistrov,20,WPG,C,76,13,15,28,11,4,42,11,1,1,0,123,10.6,1266,16:40
240,Matt Duchene,21,COL,C,58,14,14,28,11,-11,8,9,5,0,2,132,10.6,945,16:17
241,Lars Eller,22,MTL,C,79,16,12,28,12,-5,66,12,2,2,2,129,12.4,1210,15:19
242,Matt Halischuk,23,NSH,RW,73,15,13,28,11,9,27,15,0,0,2,96,15.6,822,11:15
243,Nikolai Kulemin,25,TOR,LW,70,7,21,28,9,2,6,6,1,0,1,107,6.5,1066,15:13
244,Dmitry Kulikov,21,FLA,D,58,4,24,28,9,-5,36,2,2,0,1,104,3.8,1268,21:51
245,Chris Neil,32,OTT,RW,72,13,15,28,11,-10,178,11,2,0,0,127,10.2,921,12:48
246,Alex Steen,27,STL,C,43,15,13,28,12,24,28,12,3,0,3,134,11.2,822,19:08
247,Lee Stempniak,28,CGY,RW,61,14,14,28,11,-2,16,12,2,0,2,130,10.8,990,16:14
248,Andrew Brunette,38,CHI,LW,78,12,15,27,10,-13,4,8,4,0,0,75,16,1057,13:33
249,Cal Clutterbuck,24,MIN,RW,74,15,12,27,11,-4,103,8,3,4,2,161,9.3,1210,16:21
250,Sean Couturier,19,PHI,C,77,13,14,27,11,18,14,11,0,2,4,116,11.2,1089,14:08
251,Mark Giordano,28,CGY,D,61,9,18,27,10,0,75,4,5,0,0,125,7.2,1404,23:01
252,Marcel Goc,28,FLA,C,57,11,16,27,10,5,10,8,3,0,1,97,11.3,1004,17:37
253,Martin Havlat,30,SJS,LW,39,7,20,27,9,10,22,3,4,0,1,96,7.3,687,17:37
254,John-Michael Liles,31,TOR,D,66,7,20,27,9,-14,20,3,4,0,0,106,6.6,1409,21:21
255,Paul Martin,30,PIT,D,73,2,25,27,8,9,18,2,0,0,0,93,2.2,1679,23:00
256,Jamie McBain,23,CAR,D,76,8,19,27,10,-7,4,3,5,0,1,127,6.3,1505,19:48
257,Tim Stapleton,29,WPG,C,63,11,16,27,10,-2,10,7,4,0,3,74,14.9,639,10:09
258,Lubomir Visnovsky,35,ANA,D,68,6,21,27,9,7,47,5,1,0,1,112,5.4,1414,20:47
259,James Wisniewski,27,CBJ,D,48,6,21,27,9,-13,37,4,2,0,2,99,6.1,1190,24:48:00
260,Brian Boyle,27,NYR,C,82,11,15,26,10,2,59,11,0,0,2,165,6.7,1250,15:14
261,Andrew Cogliano,24,ANA,C,82,13,13,26,11,-4,15,11,2,0,2,115,11.3,1206,14:42
262,Joey Crabb,28,TOR,RW,67,11,15,26,10,1,33,9,0,2,4,75,14.7,901,13:27
263,Darren Helm,25,DET,C,68,9,17,26,9,5,12,9,0,0,2,124,7.3,987,14:31
264,Erik Johnson,23,COL,D,73,4,22,26,8,-7,26,3,1,0,1,155,2.6,1521,20:50
265,Nick Johnson,26,MIN,RW,77,8,18,26,9,-6,45,8,0,0,1,146,5.5,1113,14:27
266,Marcus Kruger,21,CHI,C,71,9,17,26,9,11,22,9,0,0,1,89,10.1,1093,15:24
267,Brenden Morrow,33,DAL,LW,57,11,15,26,10,1,97,6,5,0,2,88,12.5,971,17:02
268,Kyle Quincey,26,TOT,D,72,7,19,26,9,-1,89,3,4,0,1,168,4.2,1574,21:52
269,Zack Smith,23,OTT,C,81,14,12,26,11,4,98,11,1,2,3,134,10.4,1140,14:04
270,Raffi Torres,30,PHX,LW,79,15,11,26,11,2,83,14,1,0,1,99,15.2,898,11:22
271,Fedor Tyutin,28,CBJ,D,66,5,21,26,8,-21,49,4,1,0,0,124,4,1593,24:09:00
272,Erik Condra,25,OTT,RW,81,8,17,25,9,11,30,6,0,2,1,140,5.7,1147,14:10
273,Joe Corvo,34,BOS,D,75,4,21,25,8,10,13,3,1,0,1,168,2.4,1411,18:49
274,Trevor Daley,28,DAL,D,79,4,21,25,8,3,42,3,1,0,2,134,3,1710,21:39
275,Nathan Gerbe,24,BUF,C,62,6,19,25,8,2,32,6,0,0,2,137,4.4,881,14:12
276,Ville Leino,28,BUF,LW,71,8,17,25,9,-2,16,7,1,0,1,78,10.3,1131,15:55
277,Mark Letestu,26,TOT,C,62,11,14,25,10,-9,8,7,4,0,0,114,9.6,970,15:39
278,Andrej Meszaros,26,PHI,D,62,7,18,25,9,6,38,5,2,0,2,114,6.1,1281,20:40
279,Drew Miller,27,DET,LW,80,14,11,25,10,6,20,14,0,0,4,131,10.7,1030,12:52
280,Dominic Moore,31,TOT,C,79,4,21,25,8,-18,54,3,0,1,1,103,3.9,1227,15:32
281,Jeff Petry,24,EDM,C,73,2,23,25,7,-7,26,1,1,0,0,111,1.8,1589,21:46
282,Sami Salo,37,VAN,D,69,9,16,25,9,7,10,2,7,0,3,136,6.6,1411,20:27
283,Marc-Andre Bergeron,31,TBL,D,43,4,20,24,8,6,20,3,1,0,0,80,5,832,19:21
284,Bryan Bickell,25,CHI,LW,71,9,15,24,9,-3,48,9,0,0,0,84,10.7,862,12:08
285,Mikkel Boedker,22,PHX,LW,82,11,13,24,9,-2,12,11,0,0,2,86,12.8,1118,13:38
286,Rene Bourque,30,TOT,LW,76,18,6,24,11,-19,68,14,3,1,1,158,11.4,1355,17:50
287,Tim Brent,27,CAR,C,79,12,12,24,10,-8,27,8,3,1,3,71,16.9,860,10:53:00
288,Braydon Coburn,26,PHI,D,81,4,20,24,8,10,56,4,0,0,0,113,3.5,1786,22:03
289,Andrew Ference,32,BOS,D,72,6,18,24,8,9,46,6,0,0,1,107,5.6,1360,18:53
290,Travis Hamonic,21,NYI,D,73,2,22,24,7,6,73,1,1,0,0,124,1.6,1637,22:26
291,Michal Handzus,34,SJS,C,67,7,17,24,8,-6,18,5,2,0,0,81,8.6,968,14:27
292,Tomas Holmstrom,39,DET,LW,74,11,13,24,9,-9,40,1,10,0,3,97,11.3,879,11:52
293,Jamie Langenbrunner,36,STL,RW,70,6,18,24,8,7,32,6,0,0,3,127,4.7,1023,14:37
294,Jordan Leopold,31,BUF,D,79,10,14,24,9,4,28,9,1,0,0,110,9.1,1767,22:22
295,Shawn Matthias,23,FLA,C,79,10,14,24,9,-2,49,9,1,0,1,133,7.5,1091,13:49
296,Willie Mitchell,34,LAK,D,76,5,19,24,8,20,44,5,0,0,2,104,4.8,1689,22:14
297,Brian Rolston,38,TOT,C,70,7,17,24,8,-5,14,6,1,0,2,151,4.6,1000,14:17
298,Luca Sbisa,22,ANA,D,80,5,19,24,8,-5,66,5,0,0,0,88,5.7,1434,17:56
299,James van Riemsdyk,22,PHI,LW,43,11,13,24,9,-1,24,9,2,0,1,121,9.1,652,15:10
300,Sean Bergenheim,27,FLA,LW,62,17,6,23,11,-5,48,11,5,1,2,185,9.2,1018,16:25
301,Brad Boyes,29,BUF,C,65,8,15,23,8,2,6,6,2,0,0,100,8,856,13:10:00
302,Boyd Gordon,28,PHX,RW,75,8,15,23,8,9,10,7,0,1,2,114,7,1194,15:56
303,Niklas Hagman,32,TOT,LW,71,9,14,23,9,-7,14,7,2,0,2,125,7.2,1035,14:35
304,Jay Harrison,29,CAR,D,72,9,14,23,9,-10,60,7,2,0,2,128,7,1480,20:33
305,Victor Hedman,21,TBL,D,61,5,18,23,8,-9,65,5,0,0,0,82,6.1,1409,23:06
306,Tyler Myers,21,BUF,D,55,8,15,23,8,5,33,5,3,0,1,84,9.5,1237,22:29
307,Dennis Seidenberg,30,BOS,D,80,5,18,23,8,15,39,5,0,0,2,174,2.9,1923,24:02:00
308,Andrew Shaw,20,CHI,C,37,12,11,23,9,-1,50,12,0,0,2,74,16.2,563,15:12
309,Jared Spurgeon,22,MIN,D,70,3,20,23,7,-4,6,1,2,0,1,92,3.3,1512,21:36
310,Marc-Edouard Vlasic,24,SJS,D,82,4,19,23,7,11,40,4,0,0,1,119,3.4,1899,23:09
311,Daniel Winnik,26,TOT,C,84,8,15,23,8,-11,52,7,0,1,1,184,4.3,1402,16:42
312,Justin Abdelkader,24,DET,LW,81,8,14,22,8,4,62,8,0,0,1,121,6.6,997,12:19
313,Francois Beauchemin,31,ANA,D,82,8,14,22,8,-14,48,5,3,0,1,139,5.8,2095,1:33
314,Pierre-Marc Bouchard,27,MIN,C,37,9,13,22,8,-1,18,7,2,0,3,84,10.7,604,16:19
315,Justin Faulk,19,CAR,D,66,8,14,22,8,-16,29,3,5,0,2,101,7.9,1508,22:51
316,Tom Gilbert,29,TOT,D,67,3,19,22,7,-8,20,1,2,0,1,72,4.2,1612,24:04:00
317,Andy McDonald,34,STL,C,25,10,12,22,9,4,2,7,3,0,2,64,15.6,463,18:32
318,Stephane Robidas,34,DAL,D,75,5,17,22,7,-5,48,3,2,0,1,75,6.7,1707,22:46
319,Luke Schenn,22,TOR,D,79,2,20,22,6,-6,62,2,0,0,0,81,2.5,1267,16:02
320,Nick Spaling,23,NSH,C,77,10,12,22,9,-7,18,10,0,0,3,107,9.3,1210,15:43
321,Marek Zidlicky,34,TOT,D,63,2,20,22,6,-6,34,0,2,0,1,70,2.9,1344,21:20
322,Eric Brewer,32,TBL,D,82,1,20,21,6,-5,49,1,0,0,0,83,1.2,1908,23:16
323,Radek Dvorak,34,DAL,RW,73,4,17,21,7,-16,12,3,0,1,0,83,4.8,1042,14:17
324,Vernon Fiddler,31,DAL,C,82,8,13,21,8,-13,60,8,0,0,1,123,6.5,1147,13:59
325,Cody Franson,24,TOR,D,57,5,16,21,7,-1,22,3,2,0,0,65,7.7,923,16:11
326,Paul Gaustad,29,TOT,C,70,7,14,21,8,-1,76,7,0,0,3,75,9.3,1034,14:46
327,Ryan Johansen,19,CBJ,C,67,9,12,21,8,-2,24,6,3,0,3,99,9.1,853,12:44
328,Kevin Klein,27,NSH,D,66,4,17,21,7,-8,4,4,0,0,2,91,4.4,1316,19:56
329,Matt Niskanen,25,PIT,D,75,4,17,21,7,9,47,1,3,0,0,118,3.4,1345,17:56
330,Eric Nystrom,28,DAL,LW,74,16,5,21,10,-10,24,16,0,0,1,102,15.7,1017,13:45
331,Corey Potter,28,EDM,D,62,4,17,21,7,-16,24,3,1,0,0,98,4.1,1237,19:57
332,Jim Slater,29,WPG,C,78,13,8,21,9,-9,42,12,0,1,1,118,11,1152,14:46
333,Sheldon Souray,35,DAL,D,64,6,15,21,7,11,73,3,2,1,1,179,3.4,1310,20:28
334,Jarret Stoll,29,LAK,C,78,6,15,21,7,2,60,5,1,0,0,133,4.5,1301,16:41
335,Brad Stuart,32,DET,D,81,6,15,21,7,16,29,4,1,1,2,96,6.3,1705,21:03
336,Ryan Wilson,24,COL,D,59,1,20,21,6,11,33,1,0,0,0,63,1.6,1105,18:44
337,Luke Adam,21,BUF,LW,52,10,10,20,8,-6,14,10,0,0,0,89,11.2,645,12:24
338,Derek Dorsett,25,CBJ,RW,77,12,8,20,9,-11,235,9,2,1,1,137,8.8,1131,14:42
339,Ruslan Fedotenko,33,NYR,LW,73,9,11,20,8,-7,16,8,1,0,1,94,9.6,993,13:36
340,Matt Gilroy,27,TOT,D,67,3,17,20,6,2,18,3,0,0,0,80,3.8,1173,17:30
341,Shane O'Brien,28,COL,D,76,3,17,20,6,2,105,2,1,0,0,114,2.6,1461,19:13
342,Mason Raymond,26,VAN,LW,55,10,10,20,8,4,18,8,1,1,2,125,8,857,15:35
343,Vladimir Sobotka,24,STL,C,73,5,15,20,7,12,42,4,0,1,1,117,4.3,1157,15:51
344,Anthony Stewart,27,CAR,C,77,9,11,20,8,-2,30,9,0,0,1,64,14.1,626,8:07
345,Slava Voynov,22,LAK,D,54,8,12,20,7,12,12,5,3,0,2,86,9.3,1001,18:32
346,Ryan Whitney,28,EDM,D,51,3,17,20,6,-16,16,1,2,0,0,41,7.3,1069,20:58
347,Gabriel Bourque,21,NSH,LW,43,7,12,19,7,-2,6,7,0,0,1,59,11.9,550,12:47
348,Adam Burish,29,DAL,C,65,6,13,19,7,6,76,6,0,0,1,82,7.3,831,12:47
349,Carlo Colaiacovo,29,STL,D,64,2,17,19,6,7,22,2,0,0,2,68,2.9,1216,19:00
350,Carl Gunnarsson,25,TOR,D,76,4,15,19,6,-9,20,4,0,0,0,89,4.5,1649,21:42
351,Jan Hejda,33,COL,D,81,5,14,19,6,-17,24,5,0,0,1,78,6.4,1675,20:41
352,Maxim Lapierre,26,VAN,C,82,9,10,19,7,-3,130,9,0,0,0,103,8.7,921,11:14
353,Andrew MacDonald,25,NYI,D,75,5,14,19,6,-5,26,4,1,0,0,71,7,1753,23:22
354,Torrey Mitchell,27,SJS,C,76,9,10,19,7,-6,29,9,0,0,0,100,9,945,12:26
355,Dmitry Orlov,20,WSH,D,60,3,16,19,6,1,18,3,0,0,1,51,5.9,1012,16:52
356,Chris Phillips,33,OTT,D,80,5,14,19,6,12,16,1,4,0,1,85,5.9,1529,19:07
357,Taylor Pyatt,30,PHX,LW,73,9,10,19,7,-4,23,9,0,0,1,111,8.1,899,12:19
358,Tom Pyatt,24,TBL,C,74,12,7,19,8,-19,8,11,1,0,1,95,12.6,1095,14:48
359,Craig Adams,34,PIT,RW,82,5,13,18,6,-6,34,5,0,0,0,76,6.6,925,11:17
360,Nick Bonino,23,ANA,C,50,5,13,18,6,1,8,5,0,0,0,63,7.9,624,12:29
361,Matt D'Agostini,25,STL,RW,55,9,9,18,7,12,27,6,3,0,3,101,8.9,771,14:01
362,Tim Gleason,29,CAR,D,82,1,17,18,5,12,71,1,0,0,0,65,1.5,1698,20:43
363,Mike Knuble,39,WSH,RW,72,6,12,18,7,-15,32,6,0,0,0,91,6.6,1004,13:57
364,Adam Larsson,19,NJD,D,65,2,16,18,5,-7,20,2,0,0,0,68,2.9,1340,20:37
365,Matthew Lombardi,29,TOR,C,62,8,10,18,7,-19,10,7,0,1,2,101,7.9,841,13:34
366,Manny Malhotra,31,VAN,C,78,7,11,18,7,-11,14,7,0,0,2,60,11.7,963,12:21
367,Johnny Oduya,30,TOT,D,81,3,15,18,6,-6,33,3,0,0,1,82,3.7,1657,20:28
368,Brooks Orpik,31,PIT,D,73,2,16,18,5,19,61,2,0,0,0,44,4.5,1646,22:33
369,Brayden Schenn,20,PHI,C,54,12,6,18,8,-7,34,8,4,0,3,97,12.4,763,14:07
370,Matt Stajan,28,CGY,C,61,8,10,18,7,-3,29,8,0,0,1,77,10.4,794,13:01
371,Anton Stralman,25,NYR,D,53,2,16,18,5,9,20,2,0,0,0,55,3.6,906,17:06
372,Joel Ward,31,WSH,RW,73,6,12,18,7,12,20,6,0,0,0,79,7.6,907,12:26
373,Yannick Weber,23,MTL,D,60,4,14,18,6,-7,30,0,4,0,0,88,4.5,937,15:37
374,Karl Alzner,23,WSH,D,82,1,16,17,5,12,29,1,0,0,0,56,1.8,1712,20:52
375,Grant Clitsome,26,TOT,D,63,4,13,17,6,-9,32,3,1,0,1,87,4.6,1071,17:00
376,Jared Cowen,21,OTT,D,82,5,12,17,6,-4,56,5,0,0,1,58,8.6,1549,18:54
377,Andrew Desjardins,25,SJS,C,76,4,13,17,6,4,47,4,0,0,3,80,5,728,9:35
378,Deryk Engelland,29,PIT,D,73,4,13,17,6,10,56,4,0,0,1,86,4.7,1179,16:09
379,Mark Fayne,24,NJD,D,82,4,13,17,6,-4,26,4,0,0,1,94,4.3,1656,20:11
380,Simon Gagne,31,LAK,LW,34,7,10,17,6,-1,18,6,0,1,2,75,9.3,612,17:59
381,Jay McClement,28,COL,C,80,10,7,17,7,-8,31,9,0,1,1,95,10.5,1100,13:45
382,Samuel Pahlsson,34,TOT,C,80,4,13,17,6,-2,34,3,0,1,1,93,4.3,1182,14:46
383,Dustin Penner,29,LAK,RW,65,7,10,17,6,-7,43,6,1,0,0,119,5.9,931,14:19
384,Joni Pitkanen,28,CAR,D,30,5,12,17,6,-15,16,3,2,0,2,62,8.1,669,22:18
385,Brandon Prust,27,NYR,LW,82,5,12,17,6,-1,156,3,0,2,2,68,7.4,979,11:57
386,Arron Asham,33,PIT,RW,64,5,11,16,6,-5,76,5,0,0,0,49,10.2,591,9:14
387,Eric Belanger,34,EDM,C,78,4,12,16,5,-13,32,2,1,1,0,118,3.4,1149,14:44
388,Bobby Butler,24,OTT,LW,56,6,10,16,6,8,12,6,0,0,4,86,7,643,11:29
389,Gregory Campbell,28,BOS,C,78,8,8,16,7,-3,80,8,0,0,0,74,10.8,998,12:48
390,Kyle Chipchura,25,PHX,C,53,3,13,16,5,2,42,3,0,0,0,43,7,558,10:32
391,Raphael Diaz,26,MTL,D,59,3,13,16,5,-7,30,3,0,0,1,61,4.9,1062,18:00
392,Tanner Glass,28,WPG,LW,78,5,11,16,6,-12,73,5,0,0,1,86,5.8,1047,13:25
393,Josh Gorges,27,MTL,D,82,2,14,16,5,14,39,2,0,0,1,59,3.4,1856,22:38
394,Andy Greene,29,NJD,D,56,1,15,16,5,3,16,1,0,0,0,53,1.9,1092,19:30
395,Jeff Halpern,35,WSH,C,69,4,12,16,5,-1,24,4,0,0,1,63,6.3,870,12:36
396,Aaron Johnson,28,CBJ,D,56,3,13,16,5,-12,26,2,1,0,0,63,4.8,924,16:30
397,Roman Josi,21,NSH,D,52,5,11,16,6,1,14,4,1,0,0,64,7.8,956,18:23
398,Brian Lee,24,TOT,D,55,1,15,16,5,-8,35,1,0,0,0,32,3.1,854,15:32
399,John Mitchell,27,NYR,C,63,5,11,16,6,10,8,5,0,0,0,64,7.8,640,10:10
400,Travis Moen,29,MTL,LW,48,9,7,16,7,-3,41,8,0,1,0,45,20,754,15:43
401,Peter Mueller,23,COL,C,32,7,9,16,6,-3,8,6,1,0,1,82,8.5,469,14:39
402,Mike Weaver,33,FLA,D,82,0,16,16,4,-2,14,0,0,0,0,51,0,1667,20:20
403,Matt Beleskey,23,ANA,LW,70,4,11,15,5,-2,72,4,0,0,0,75,5.3,719,10:16
404,Johnny Boychuk,28,BOS,D,77,5,10,15,6,27,53,5,0,0,2,171,2.9,1587,20:37
405,Chris Butler,25,CGY,D,68,2,13,15,5,-9,34,2,0,0,0,62,3.2,1469,21:36
406,Jordan Caron,21,BOS,RW,48,7,8,15,6,0,14,7,0,0,0,57,12.3,553,11:32
407,Brett Clark,35,TBL,D,82,2,13,15,5,-26,20,2,0,0,0,61,3.3,1507,18:23
408,Blake Comeau,25,TOT,RW,74,5,10,15,5,-11,30,5,0,0,0,137,3.6,1143,15:27
409,Brett Connolly,19,TBL,RW,68,4,11,15,5,-9,30,3,1,0,2,94,4.3,780,11:28
410,Matt Frattin,24,TOR,RW,56,8,7,15,6,-4,25,8,0,0,2,92,8.7,737,13:10
411,Michael Frolik,23,CHI,C,63,5,10,15,5,-10,22,5,0,0,0,117,4.3,811,12:52
412,TJ Galiardi,23,TOT,LW,69,9,6,15,6,-8,53,8,0,1,2,113,8,900,13:03
413,Brian Gionta,33,MTL,RW,31,8,7,15,6,-7,16,6,2,0,0,75,10.7,602,19:26
414,Marc-Andre Gragnani,24,TOT,LW,58,2,13,15,5,6,26,1,1,0,0,47,4.3,936,16:09
415,Matt Greene,28,LAK,D,82,4,11,15,5,4,58,4,0,0,2,76,5.3,1367,16:40
416,Niklas Hjalmarsson,24,CHI,D,69,1,14,15,4,9,14,1,0,0,0,65,1.5,1392,20:11
417,Pavel Kubina,34,TOT,D,69,3,12,15,5,-2,74,3,0,0,1,75,4,1330,19:16
418,Jamal Mayers,37,CHI,RW,81,6,9,15,6,-4,91,6,0,0,1,70,8.6,794,9:48
419,Daniel Paille,27,BOS,LW,69,9,6,15,7,-5,15,7,0,2,1,86,10.5,793,11:30
420,Ladislav Smid,25,EDM,D,78,5,10,15,5,4,44,5,0,0,0,47,10.6,1631,20:54
421,Jaroslav Spacek,37,TOT,D,46,5,10,15,6,6,8,2,3,0,1,42,11.9,740,16:05
422,Nate Thompson,27,TBL,C,68,9,6,15,7,-23,21,9,0,0,1,85,10.6,1008,14:49
423,Tom Wandell,25,DAL,C,72,6,9,15,6,-5,16,6,0,0,0,103,5.8,701,9:44
424,Bryan Allen,31,CAR,D,82,1,13,14,4,-1,76,1,0,0,1,87,1.1,1571,19:10
425,Cam Atkinson,22,CBJ,RW,27,7,7,14,6,1,14,6,1,0,0,66,10.6,415,15:23
426,T.J. Brodie,21,CGY,D,54,2,12,14,4,3,14,1,1,0,2,44,4.5,890,16:29
427,Sheldon Brookbank,31,ANA,D,80,3,11,14,5,11,72,3,0,0,1,49,6.1,1248,15:36
428,Gilbert Brule,25,PHX,C,33,5,9,14,5,7,11,4,1,0,0,56,8.9,382,11:34
429,Kurtis Foster,30,TOT,D,51,4,10,14,5,-13,35,2,2,0,0,85,4.7,811,15:54
430,Dwight King,22,LAK,LW,27,5,9,14,5,3,10,5,0,0,1,42,11.9,395,14:38
431,Chuck Kobasew,29,COL,RW,58,7,7,14,6,-10,51,6,0,1,2,65,10.8,687,11:51
432,Derek MacKenzie,30,CBJ,C,66,7,7,14,6,4,40,4,1,2,2,61,11.5,693,10:30
433,Matt Martin,22,NYI,LW,80,7,7,14,6,-17,121,7,0,0,1,130,5.4,973,12:09
434,Steve Montador,32,CHI,D,52,5,9,14,5,4,45,3,2,0,1,57,8.8,768,14:46
435,Richard Park,35,PIT,C,54,7,7,14,6,-1,12,6,0,1,4,44,15.9,589,10:55
436,Mark Stuart,27,WPG,D,80,3,11,14,5,-4,98,2,0,1,1,60,5,1376,17:12
437,Joe Vitale,26,PIT,C,68,4,10,14,5,-5,56,4,0,0,1,70,5.7,760,11:11
438,Drayson Bowman,22,CAR,C,37,6,7,13,5,2,4,6,0,0,0,70,8.6,494,13:21:00
439,Jason Demers,23,SJS,D,57,4,9,13,4,-8,22,2,2,0,1,73,5.5,960,16:51
440,Ben Eager,28,EDM,LW,63,8,5,13,6,-1,107,8,0,0,3,69,11.6,538,8:32
441,Stefan Elliott,21,COL,D,39,4,9,13,5,2,8,4,0,0,1,84,4.8,669,17:09
442,Marcus Foligno,20,BUF,LW,14,6,7,13,5,6,9,4,2,0,1,23,26.1,221,15:49
443,Bruno Gervais,27,TBL,D,50,6,7,13,5,-4,8,5,1,0,0,57,10.5,713,14:16
444,Hal Gill,36,TOT,D,76,1,12,13,4,-3,37,1,0,0,0,49,2,1302,17:08
445,Roman Hamrlik,37,WSH,D,68,2,11,13,4,11,34,2,0,0,1,58,3.4,1307,19:13
446,Barret Jackman,30,STL,D,81,1,12,13,4,20,57,1,0,0,0,82,1.2,1675,20:41
447,Ed Jovanovski,35,FLA,D,66,3,10,13,4,-11,31,2,1,0,0,58,5.2,1102,16:42
448,Jakub Kindl,24,DET,D,55,1,12,13,4,7,25,1,0,0,0,69,1.4,773,14:03
449,Rostislav Klesla,29,PHX,D,65,3,10,13,4,13,54,3,0,0,0,87,3.4,1258,19:22
450,Toni Lydman,34,ANA,D,74,0,13,13,4,0,46,0,0,0,0,46,0,1399,18:54
451,Zbynek Michalek,29,PIT,D,62,2,11,13,4,0,24,2,0,0,0,77,2.6,1342,21:39
452,Antti Miettinen,31,WPG,RW,45,5,8,13,5,-5,0,4,1,0,0,58,8.6,527,11:42
453,Darroll Powe,26,MIN,C,82,6,7,13,5,-20,57,6,0,0,1,109,5.5,1147,13:59
454,Michal Rozsival,33,PHX,D,54,1,12,13,4,8,34,1,0,0,0,49,2,1044,19:20
455,Andrej Sekera,25,BUF,D,69,3,10,13,4,3,18,2,1,0,0,88,3.4,1353,19:36
456,Devante Smith-Pelly,19,ANA,RW,49,7,6,13,5,-7,16,5,1,1,1,66,10.6,590,12:03
457,David Steckel,29,TOR,C,76,8,5,13,6,-14,10,5,1,2,0,79,10.1,975,12:50
458,Shawn Thornton,34,BOS,RW,81,5,8,13,5,-7,154,4,0,1,0,114,4.4,744,9:11
459,Jason Blake,38,ANA,C,45,7,5,12,5,-4,6,5,2,0,3,109,6.4,636,14:09
460,Erik Christensen,28,TOT,C,49,7,5,12,5,-13,8,4,3,0,1,44,15.9,510,10:24
461,Kyle Clifford,21,LAK,LW,81,5,7,12,5,-5,123,5,0,0,2,88,5.7,762,9:24
462,Mathieu Darche,35,MTL,LW,61,5,7,12,5,-4,18,3,0,2,0,77,6.5,740,12:08
463,Patrick Dwyer,28,CAR,RW,73,5,7,12,5,0,23,3,0,2,0,120,4.2,1122,15:22
464,Scott Hannan,33,CGY,D,78,2,10,12,4,-10,38,2,0,0,0,49,4.1,1588,20:21
465,Tom Kostopoulos,33,CGY,RW,81,4,8,12,4,-15,57,2,1,1,1,91,4.4,998,12:19
466,Alec Martinez,24,LAK,D,51,6,6,12,5,-1,8,3,3,0,0,78,7.7,751,14:43
467,Chris Pronger,37,PHI,D,13,1,11,12,3,1,10,0,1,0,0,23,4.3,292,22:29
468,Nate Prosser,25,MIN,D,51,1,11,12,4,-17,57,1,0,0,0,32,3.1,982,19:15
469,Kris Russell,24,TOT,D,55,6,6,12,5,12,25,6,0,0,1,56,10.7,936,17:01
470,Marco Scandella,21,MIN,D,63,3,9,12,4,-22,19,2,1,0,1,77,3.9,1372,21:47
471,Ryan Shannon,28,TBL,RW,45,4,8,12,4,-11,10,3,1,0,0,46,8.7,541,12:02
472,Wojtek Wolski,25,TOT,LW,31,4,8,12,4,-5,2,4,0,0,0,50,8,427,13:46
473,Keith Aucoin,33,WSH,C,27,3,8,11,4,4,0,3,0,0,1,21,14.3,299,11:04
474,Mikael Backlund,22,CGY,C,41,4,7,11,4,-13,16,2,2,0,2,85,4.7,631,15:23
475,Francis Bouillon,36,NSH,D,66,4,7,11,4,-4,33,4,0,0,2,38,10.5,1158,17:33
476,Justin Braun,24,SJS,D,66,2,9,11,3,-2,23,1,1,0,0,113,1.8,1092,16:33
477,Chris Campoli,27,MTL,D,43,2,9,11,4,-3,8,2,0,0,0,43,4.7,740,17:12
478,Daniel Carcillo,27,CHI,LW,28,2,9,11,3,10,82,2,0,0,0,27,7.4,319,11:24
479,Kaspars Daugavins,23,OTT,LW,65,5,6,11,4,-2,12,5,0,0,1,77,6.5,737,11:20
480,Ryan Ellis,21,NSH,D,32,3,8,11,4,5,4,1,2,0,2,34,8.8,474,14:50
481,Jonathan Ericsson,27,DET,D,69,1,10,11,3,16,47,1,0,0,0,63,1.6,1179,17:05
482,Scott Gomez,32,MTL,C,38,2,9,11,4,-9,14,0,2,0,1,59,3.4,537,14:08
483,Nicklas Grossmann,27,TOT,D,74,0,11,11,3,5,36,0,0,0,0,56,0,1392,18:49
484,Roman Horak,20,CGY,C,61,3,8,11,4,3,14,3,0,0,1,53,5.7,622,10:12
485,Milan Jurcina,28,NYI,D,65,3,8,11,4,-34,30,1,2,0,0,127,2.4,1221,18:47
486,Philip Larsen,22,DAL,D,55,3,8,11,4,11,16,2,1,0,0,69,4.3,988,17:57
487,Cody McLeod,27,COL,LW,75,6,5,11,5,0,164,6,0,0,0,62,9.7,540,7:12
488,Derek Morris,33,PHX,D,59,2,9,11,3,-12,38,2,0,0,0,72,2.8,1120,18:59
489,Brendan Morrison,36,TOT,C,39,4,7,11,4,-5,12,4,0,0,0,43,9.3,521,13:21
490,Roman Polak,25,STL,D,77,0,11,11,3,6,57,0,0,0,0,88,0,1453,18:52
491,Mike Santorelli,26,FLA,C,60,9,2,11,5,-10,18,7,2,0,1,117,7.7,744,12:24
492,David Schlemko,24,PHX,D,46,1,10,11,3,7,10,1,0,0,0,58,1.7,844,18:21
493,Derek Smith,27,CGY,D,47,2,9,11,4,-1,12,2,0,0,1,44,4.5,749,15:56
494,Chris Thorburn,28,WPG,C,72,4,7,11,4,-6,83,4,0,0,0,69,5.8,733,10:11
495,Anton Volchenkov,29,NJD,D,72,2,9,11,3,3,34,2,0,0,1,63,3.2,1294,17:59
496,J.T. Wyman,25,TBL,RW,40,2,9,11,4,1,8,2,0,0,1,31,6.5,422,10:33
497,Anton Babchuk,27,CGY,D,32,2,8,10,3,2,6,1,1,0,1,48,4.2,464,14:29
498,Cory Emmerton,23,DET,C,71,6,4,10,4,1,14,6,0,0,0,63,9.5,575,8:06
499,Ron Hainsey,30,WPG,D,56,0,10,10,3,9,23,0,0,0,0,57,0,1181,21:06
500,Patrick Kaleta,25,BUF,RW,63,5,5,10,4,-5,116,5,0,0,1,69,7.2,829,13:09
501,Zack Kassian,21,TOT,RW,44,4,6,10,4,-2,51,4,0,0,0,54,7.4,497,11:18
502,Louis Leblanc,21,MTL,C,42,5,5,10,4,3,28,5,0,0,0,58,8.6,470,11:12
503,Adam McQuaid,25,BOS,D,72,2,8,10,3,16,99,2,0,0,0,63,3.2,1077,14:57
504,Aaron Rome,28,VAN,D,43,4,6,10,4,-4,46,3,1,0,1,42,9.5,655,15:14
505,David Savard,21,CBJ,D,31,2,8,10,3,0,16,1,1,0,0,34,5.9,514,16:34
506,Jack Skille,24,FLA,RW,46,4,6,10,4,-9,28,3,0,1,1,76,5.3,550,11:58
507,Andy Sutton,36,EDM,D,52,3,7,10,3,5,80,3,0,0,1,41,7.3,868,16:41
508,Tomas Vincour,21,DAL,C,47,4,6,10,4,-2,2,4,0,0,1,65,6.2,485,10:20
509,Brad Winchester,30,SJS,LW,67,6,4,10,4,-5,88,6,0,0,0,72,8.3,523,7:48
510,Adrian Aucoin,38,PHX,D,64,2,7,9,3,14,42,1,1,0,0,92,2.2,1296,20:15
511,Stu Bickel,25,NYR,D,51,0,9,9,2,2,108,0,0,0,0,22,0,532,10:26
512,Justin Falk,23,MIN,D,47,1,8,9,3,-13,54,0,1,0,0,46,2.2,916,19:30
513,Jimmy Hayes,22,CHI,RW,31,5,4,9,4,-3,16,4,1,0,0,41,12.2,318,10:15
514,Matt Hendricks,30,WSH,C,78,4,5,9,4,-6,95,4,0,0,0,97,4.1,946,12:07
515,Jacob Josefson,20,NJD,C,41,2,7,9,3,10,6,2,0,0,0,37,5.4,496,12:06
516,Guillaume Latendresse,24,MIN,RW,16,5,4,9,4,6,20,4,1,0,1,36,13.9,243,15:11
517,Spencer Machacek,23,WPG,RW,13,2,7,9,3,8,7,2,0,0,0,12,16.7,98,7:30
518,Dave Moss,30,CGY,LW,32,2,7,9,3,-3,12,2,0,0,0,82,2.4,448,14:01
519,Lennart Petrell,27,EDM,C,60,4,5,9,3,-10,45,3,0,1,0,36,11.1,578,9:38
520,Zac Rinaldo,21,PHI,C,66,2,7,9,3,-1,232,2,0,0,0,54,3.7,494,7:29
521,Bryce Salvador,35,NJD,D,82,0,9,9,2,18,66,0,0,0,0,52,0,1657,20:13
522,Rob Scuderi,33,LAK,D,82,1,8,9,3,-7,16,1,0,0,0,63,1.6,1690,20:37
523,Alexander Sulzer,27,TOT,D,27,3,6,9,3,8,8,3,0,0,0,33,9.1,481,17:49
524,Tim Wallace,27,TOT,RW,49,3,6,9,3,-3,16,3,0,0,1,26,11.5,421,8:36
525,Eric Wellwood,21,PHI,LW,24,5,4,9,4,12,2,5,0,0,1,36,13.9,263,10:57
526,Tommy Wingels,23,SJS,C,33,3,6,9,3,-1,18,3,0,0,0,71,4.2,454,13:45
527,Matt Bradley,33,FLA,RW,45,3,5,8,3,-3,31,3,0,0,0,35,8.6,489,10:52
528,Ryan Carter,28,TOT,C,72,4,4,8,3,-13,90,4,0,0,0,50,8,745,10:21
529,Cody Eakin,20,WSH,C,30,4,4,8,3,2,4,4,0,0,0,31,12.9,278,9:17
530,Matt Ellis,30,BUF,LW,60,3,5,8,3,-3,25,3,0,0,1,85,3.5,583,9:43
531,Benn Ferriero,24,SJS,C,35,7,1,8,4,0,8,7,0,0,4,68,10.3,422,12:03
532,Colin Fraser,27,LAK,C,67,2,6,8,3,-2,67,2,0,0,0,54,3.7,652,9:44
533,Colton Gillies,22,TOT,C,75,2,6,8,3,-9,35,2,0,0,0,48,4.2,757,10:05
534,Erik Gudbranson,20,FLA,D,72,2,6,8,3,-19,78,2,0,0,0,76,2.6,1022,14:12
535,Jochen Hecht,34,BUF,C,22,4,4,8,3,1,6,3,0,1,0,40,10,370,16:50
536,Blair Jones,25,TOT,C,43,3,5,8,3,-1,18,3,0,0,1,58,5.2,488,11:22
537,Brayden McNabb,21,BUF,D,25,1,7,8,2,-1,15,0,1,0,0,23,4.3,446,17:50
538,Scott Nichol,37,STL,C,80,3,5,8,3,-5,83,3,0,0,0,67,4.5,745,9:19
539,Andreas Nodl,24,TOT,RW,60,3,5,8,3,-5,8,3,0,0,0,66,4.5,703,11:43
540,Magnus Paajarvi,20,EDM,LW,41,2,6,8,3,-7,4,2,0,0,0,79,2.5,540,13:11
541,Brad Richardson,26,LAK,RW,59,5,3,8,3,-6,30,4,0,1,0,98,5.1,759,12:52
542,Steve Staios,38,NYI,D,65,0,8,8,2,-19,53,0,0,0,0,67,0,1110,17:05
543,Corey Tropp,22,BUF,RW,34,3,5,8,3,0,20,3,0,0,1,32,9.4,343,10:05
544,David Ullstrom,22,NYI,LW,29,4,4,8,3,-2,6,3,1,0,1,40,10,318,10:59
545,Dale Weise,23,VAN,RW,68,4,4,8,3,-1,81,4,0,0,0,48,8.3,555,8:10
546,Jesse Winchester,28,OTT,C,32,2,6,8,3,2,22,1,0,1,0,52,3.8,340,10:38
547,Greg Zanon,31,TOT,D,56,3,5,8,3,3,18,3,0,0,2,41,7.3,997,17:48
548,Keith Ballard,29,VAN,D,47,1,6,7,2,0,64,1,0,0,0,41,2.4,731,15:33
549,Jonathon Blum,23,NSH,D,33,3,4,7,3,-14,6,3,0,0,1,25,12,592,17:56
550,Marc-Andre Bourdon,22,PHI,D,45,4,3,7,3,4,52,4,0,0,2,45,8.9,729,16:11
551,Jake Dowell,26,DAL,C,52,2,5,7,2,-3,53,2,0,0,0,39,5.1,397,7:38
552,Mark Flood,27,WPG,D,33,3,4,7,3,-1,10,2,1,0,1,30,10,507,15:21
553,Mike Green,26,WSH,D,32,3,4,7,3,5,12,0,3,0,1,64,4.7,673,21:03
554,Adam Hall,31,TBL,RW,57,2,5,7,2,-11,17,2,0,0,1,63,3.2,676,11:52
555,Trent Hunter,31,LAK,RW,38,2,5,7,2,-4,8,2,0,0,1,51,3.9,384,10:06
556,Kent Huskins,32,STL,D,25,2,5,7,2,9,10,2,0,0,0,16,12.5,387,15:28
557,Tim Jackman,30,CGY,RW,75,1,6,7,2,-21,94,1,0,0,0,103,1,684,9:07
558,Nazem Kadri,21,TOR,C,21,5,2,7,3,2,8,4,1,0,1,28,17.9,297,14:10
559,Trevor Lewis,25,LAK,C,72,3,4,7,3,-3,26,3,0,0,1,103,2.9,953,13:14
560,Andrei Loktionov,21,LAK,C,39,3,4,7,3,-4,2,2,1,0,0,60,5,489,12:32
561,Marc Methot,26,CBJ,D,46,1,6,7,2,-11,24,1,0,0,0,42,2.4,922,20:03
562,John Moore,21,CBJ,D,67,2,5,7,2,-23,8,2,0,0,0,64,3.1,1060,15:49
563,Petteri Nokelainen,26,TOT,C,56,3,4,7,3,-6,37,3,0,0,1,37,8.1,493,8:48
564,Gustav Nyquist,22,DET,LW,18,1,6,7,2,2,2,1,0,0,0,19,5.3,191,10:36
565,Ryan O'Byrne,27,COL,D,74,1,6,7,2,-5,57,1,0,0,0,42,2.4,1395,18:51
566,Sean O'Donnell,40,CHI,D,51,0,7,7,2,-6,23,0,0,0,0,30,0,689,13:31
567,Cal O'Reilly,25,TOT,C,33,2,5,7,2,-11,4,1,1,0,0,17,11.8,421,12:46
568,Mark Olver,24,COL,C,24,4,3,7,3,0,15,4,0,0,1,25,16,311,12:57
569,Kyle Palmieri,20,ANA,C,18,4,3,7,3,3,6,4,0,0,0,34,11.8,207,11:31
570,Nick Palmieri,22,TOT,RW,38,4,3,7,3,-10,14,4,0,0,0,55,7.3,402,10:35
571,Chris Porter,27,STL,C,47,4,3,7,3,-1,11,4,0,0,1,61,6.6,488,10:24
572,Kevin Porter,25,COL,RW,35,4,3,7,3,-2,17,4,0,0,0,32,12.5,321,9:11
573,Alexander Radulov,25,NSH,RW,9,3,4,7,3,3,4,3,0,0,0,21,14.3,174,19:21
574,Dylan Reese,27,NYI,D,28,1,6,7,2,0,11,1,0,0,0,26,3.8,478,17:05
575,David Rundblad,21,TOT,D,30,1,6,7,2,-12,6,1,0,0,0,34,2.9,450,15:01
576,Cory Sarich,33,CGY,D,62,1,6,7,2,1,66,1,0,0,0,36,2.8,999,16:07
577,Nick Schultz,29,TOT,D,82,1,6,7,2,-12,40,0,1,0,0,51,2,1616,19:42
578,Brendan Smith,22,DET,D,14,1,6,7,2,3,13,1,0,0,0,13,7.7,219,15:38
579,Matt Taormina,25,NJD,D,30,1,6,7,2,6,4,1,0,0,0,33,3,496,16:32
580,Casey Wellman,24,MIN,C,14,2,5,7,2,-4,0,2,0,0,1,25,8,178,12:44
581,Alexei Yemelin,25,MTL,D,67,3,4,7,3,-18,30,2,0,1,0,62,4.8,1159,17:18
582,Brandon Yip,26,TOT,RW,35,3,4,7,3,1,28,3,0,0,0,41,7.3,374,10:41
583,Steve Bernier,26,NJD,RW,32,1,5,6,2,6,16,1,0,0,0,23,4.3,383,11:58
584,Ian Cole,22,STL,D,26,1,5,6,2,7,22,1,0,0,0,18,5.6,414,15:55
585,Andrew Ebbett,29,VAN,C,18,5,1,6,3,2,6,4,1,0,2,27,18.5,173,9:35
586,Jack Hillen,26,NSH,D,55,2,4,6,2,6,20,2,0,0,0,51,3.9,773,14:04
587,Matt Hunwick,26,COL,D,33,3,3,6,2,-3,8,3,0,0,0,40,7.5,596,18:04
588,Dustin Jeffrey,23,PIT,C,26,4,2,6,3,-4,2,3,0,1,0,33,12.1,315,12:06
589,Anton Lander,20,EDM,C,56,2,4,6,2,-8,12,1,0,1,0,54,3.7,594,10:37
590,Andreas Lilja,36,PHI,D,46,0,6,6,2,9,34,0,0,0,0,35,0,630,13:41
591,Ben Maxwell,23,TOT,C,15,1,5,6,2,4,2,1,0,0,0,10,10,101,6:44
592,Jim O'Brien,23,OTT,C,28,3,3,6,2,6,4,3,0,0,1,37,8.1,329,11:45
593,Marty Reasoner,34,NYI,C,61,1,5,6,2,-25,34,1,0,0,0,69,1.4,708,11:37
594,Jeff Schultz,25,WSH,D,54,1,5,6,2,-2,12,1,0,0,0,22,4.5,826,15:18
595,Jerred Smithson,32,TOT,C,69,1,5,6,2,-5,34,1,0,0,0,37,2.7,808,11:43
596,Henrik Tallinder,33,NJD,D,39,0,6,6,2,-11,16,0,0,0,0,43,0,831,21:19
597,Mattias Tedenby,21,NJD,LW,43,1,5,6,2,-15,16,1,0,0,0,46,2.2,462,10:45
598,David Van Der Gulik,28,COL,RW,25,1,5,6,2,3,2,1,0,0,0,20,5,205,8:12
599,Jeff Woywitka,28,NYR,D,27,1,5,6,2,2,8,1,0,0,0,13,7.7,281,10:25
600,Travis Zajac,26,NJD,C,15,2,4,6,2,-3,4,1,1,0,1,25,8,261,17:22
601,Harry Zolnierczyk,24,PHI,LW,37,3,3,6,2,-11,35,3,0,0,0,49,6.1,285,7:42
602,Krys Barch,31,TOT,RW,51,2,3,5,2,0,114,2,0,0,0,24,8.3,375,7:21
603,Jay Beagle,26,WSH,C,41,4,1,5,2,-2,23,4,0,0,0,49,8.2,486,11:51
604,Darryl Boyce,27,TOT,C,37,1,4,5,2,-8,35,1,0,0,1,25,4,369,9:59
605,Paul Byron,22,CGY,C,22,3,2,5,2,3,2,3,0,0,1,13,23.1,225,10:14
606,Joe Colborne,22,TOR,C,10,1,4,5,2,2,4,1,0,0,0,7,14.3,137,13:41
607,Stephane Da Costa,22,OTT,RW,22,3,2,5,2,-9,8,3,0,0,0,31,9.7,268,12:10
608,Keaton Ellerby,23,FLA,D,40,0,5,5,1,-3,10,0,0,0,0,45,0,616,15:23
609,Steve Eminger,28,NYR,D,42,2,3,5,2,0,28,2,0,0,0,19,10.5,558,13:17
610,Blake Geoffrion,23,TOT,LW,35,2,3,5,2,0,27,2,0,0,0,29,6.9,386,11:02
611,Andrew Gordon,26,ANA,RW,37,2,3,5,2,-10,6,2,0,0,0,38,5.3,402,10:51
612,Erik Gustafsson,23,PHI,D,30,1,4,5,2,12,2,1,0,0,0,18,5.6,504,16:48
613,Teemu Hartikainen,21,EDM,LW,17,2,3,5,2,1,6,2,0,0,1,24,8.3,221,13:01
614,Steven Kampfer,23,TOT,D,23,2,3,5,2,-1,6,2,0,0,0,20,10,343,14:54
615,Mike Komisarek,30,TOR,D,45,1,4,5,2,-13,41,1,0,0,0,34,2.9,750,16:39
616,Zenon Konopka,31,OTT,C,55,3,2,5,2,-4,193,2,1,0,1,34,8.8,431,7:51
617,Joakim Lindstrom,28,COL,LW,16,2,3,5,2,-9,0,1,1,0,0,22,9.1,223,13:55
618,Ben Lovejoy,27,PIT,D,34,1,4,5,2,3,13,1,0,0,0,48,2.1,451,13:15
619,Aaron Palushaj,22,MTL,RW,38,1,4,5,2,1,8,1,0,0,0,37,2.7,288,7:34
620,Warren Peters,29,MIN,LW,58,1,4,5,2,-15,54,1,0,0,0,54,1.9,614,10:35
621,Toby Petersen,33,DAL,C,39,2,3,5,2,-7,6,2,0,0,0,44,4.5,299,7:39
622,Robyn Regehr,31,BUF,D,76,1,4,5,2,-12,56,1,0,0,0,49,2,1416,18:38
623,Michal Repik,23,FLA,RW,17,2,3,5,2,-3,6,1,1,0,0,35,5.7,176,10:22
624,Mike Rupp,32,NYR,C,60,4,1,5,2,-1,97,4,0,0,2,31,12.9,399,6:39
625,Jerome Samson,24,CAR,RW,16,2,3,5,2,-3,8,1,1,0,0,31,6.5,196,12:17
626,Trevor Smith,26,TBL,LW,16,2,3,5,2,2,4,2,0,0,0,17,11.8,199,12:28
627,Marc Staal,25,NYR,D,46,2,3,5,2,-7,16,1,1,0,0,61,3.3,915,19:54
628,Clayton Stoner,26,MIN,D,51,1,4,5,2,3,62,1,0,0,0,47,2.1,897,17:36
629,Marco Sturm,33,TOT,LW,48,3,2,5,2,-13,25,3,0,0,1,65,4.6,591,12:19
630,Dana Tyrell,22,TBL,C,26,0,5,5,1,-5,6,0,0,0,0,23,0,273,10:31
631,Scottie Upshall,28,FLA,RW,26,2,3,5,2,-3,29,1,1,0,1,53,3.8,331,12:43
632,Mike Weber,24,BUF,D,51,1,4,5,2,-19,64,1,0,0,0,51,2,947,18:35
633,Byron Bitz,27,VAN,RW,10,1,3,4,1,2,14,1,0,0,0,6,16.7,105,10:30
634,Michael Blunden,25,MTL,RW,39,2,2,4,2,-1,27,2,0,0,0,34,5.9,365,9:22
635,Mike Brown,26,TOR,RW,50,2,2,4,2,-8,74,2,0,0,0,56,3.6,464,9:17
636,Casey Cizikas,20,NYI,C,15,0,4,4,1,1,6,0,0,0,0,12,0,159,10:36
637,Simon Despres,20,PIT,D,18,1,3,4,1,5,10,0,1,0,0,22,4.5,256,14:13
638,Mark Eaton,34,NYI,D,62,1,3,4,1,-17,10,1,0,0,1,44,2.3,995,16:03
639,Evgeny Grachev,21,STL,C,26,1,3,4,1,-4,2,1,0,0,1,14,7.1,243,9:20
640,Derek Joslin,24,CAR,D,44,2,2,4,2,-15,35,2,0,0,0,36,5.6,466,10:35
641,Brett Lebda,30,CBJ,D,30,1,3,4,1,-1,14,1,0,0,0,36,2.8,494,16:29
642,Maxime Macenauer,23,ANA,C,29,1,3,4,1,-4,18,1,0,0,1,14,7.1,314,10:49
643,Cody McCormick,28,BUF,C,50,1,3,4,1,-7,56,1,0,0,0,43,2.3,392,7:50
644,Brandon McMillan,21,ANA,LW,25,0,4,4,1,-10,20,0,0,0,0,26,0,280,11:13
645,Ethan Moreau,36,LAK,LW,28,1,3,4,1,-3,20,1,0,0,1,29,3.4,295,10:32
646,Andrew Murray,30,SJS,C,39,1,3,4,1,3,4,1,0,0,0,33,3,300,7:42
647,Douglas Murray,31,SJS,D,60,0,4,4,1,3,31,0,0,0,0,71,0,1103,18:23
648,Jordan Nolan,22,LAK,C,26,2,2,4,2,2,28,2,0,0,1,19,10.5,243,9:21
649,Patrick O'Sullivan,26,PHX,C,23,2,2,4,2,-4,2,2,0,0,0,34,5.9,254,11:03
650,George Parros,32,ANA,RW,46,1,3,4,1,1,85,1,0,0,0,17,5.9,293,6:23
651,Alexandre Picard,26,PIT,D,17,0,4,4,1,4,4,0,0,0,0,10,0,223,13:09
652,Marc Pouliot,26,PHX,C,13,0,4,4,1,-2,2,0,0,0,0,19,0,145,11:11
653,Ryan Reaves,25,STL,RW,60,3,1,4,2,0,124,3,0,0,1,32,9.4,392,6:32
654,Peter Regin,25,OTT,C,10,2,2,4,2,3,2,2,0,0,0,15,13.3,141,14:06
655,Paul Szczechura,26,BUF,C,9,1,3,4,1,0,4,1,0,0,0,11,9.1,103,11:26
656,Jim Vandermeer,31,SJS,D,25,1,3,4,1,3,33,1,0,0,0,19,5.3,260,10:25
657,Colin White,34,SJS,D,54,1,3,4,1,-5,21,1,0,0,0,33,3,807,14:57
658,Andrew Alberts,30,VAN,D,44,2,1,3,1,4,40,2,0,0,2,19,10.5,629,14:18
659,Akim Aliu,22,CGY,RW,2,2,1,3,1,3,12,2,0,0,0,3,66.7,22,11:02
660,Colby Armstrong,29,TOR,RW,29,1,2,3,1,-8,9,1,0,0,0,14,7.1,270,9:19
661,Keith Aulie,22,TOT,D,36,0,3,3,1,-7,29,0,0,0,0,18,0,484,13:26
662,Sean Avery,31,NYR,C,15,3,0,3,2,2,21,3,0,0,1,15,20,105,7:01
663,Sven Baertschi,19,CGY,LW,5,3,0,3,2,2,4,3,0,0,0,10,30,56,11:08
664,Jared Boll,25,CBJ,RW,54,2,1,3,1,-8,126,2,0,0,0,35,5.7,438,8:07
665,Lance Bouma,21,CGY,C,27,1,2,3,1,-5,11,1,0,0,0,26,3.8,274,10:10
666,Brett Bulmer,19,MIN,RW,9,0,3,3,1,1,6,0,0,0,0,7,0,99,11:02
667,Matt Calvert,22,CBJ,LW,13,0,3,3,1,-5,16,0,0,0,0,4,0,119,9:08
668,Matt Carkner,31,OTT,D,29,1,2,3,1,0,33,1,0,0,0,17,5.9,345,11:55
669,Chris Conner,28,DET,RW,8,1,2,3,1,2,0,1,0,0,0,10,10,85,10:34
670,B.J. Crombeen,26,STL,RW,40,1,2,3,1,-2,71,1,0,0,0,50,2,332,8:18
671,Evgeni Dadonov,22,FLA,RW,15,2,1,3,1,-4,2,2,0,0,0,21,9.5,151,10:03
672,Zac Dalpe,22,CAR,C,16,1,2,3,1,-3,4,1,0,0,0,20,5,153,9:35
673,Eric Fehr,26,WPG,RW,35,2,1,3,1,-6,12,2,0,0,1,54,3.7,339,9:42
674,Ryan Garbutt,26,DAL,C,20,2,1,3,1,-1,22,2,0,0,1,28,7.1,166,8:17
675,Darcy Hordichuk,31,EDM,LW,43,1,2,3,1,-3,64,1,0,0,0,27,3.7,187,4:21
676,Sami Lepisto,27,CHI,D,26,1,2,3,1,3,4,1,0,0,0,19,5.3,275,10:34
677,John Madden,38,FLA,C,31,3,0,3,2,-4,4,3,0,0,1,33,9.1,371,11:59
678,Andrei Markov,33,MTL,D,13,0,3,3,1,-4,4,0,0,0,0,17,0,234,18:00
679,Carson McMillan,23,MIN,RW,11,1,2,3,1,1,11,1,0,0,1,8,12.5,122,11:04
680,Brendan Mikkelson,24,TBL,D,41,1,2,3,1,-4,13,1,0,0,0,45,2.2,590,14:24
681,Jan Mursak,24,DET,LW,25,1,2,3,1,2,0,1,0,0,0,22,4.5,189,7:33
682,Linus Omark,24,EDM,LW,14,3,0,3,2,-5,8,3,0,0,0,24,12.5,188,13:27
683,Jay Pandolfo,37,NYI,LW,62,1,2,3,1,-14,8,1,0,0,0,44,2.3,677,10:55
684,Adam Pardy,27,DAL,D,36,0,3,3,1,-5,16,0,0,0,0,29,0,593,16:28
685,Theo Peckham,24,EDM,D,54,1,2,3,1,0,80,1,0,0,0,25,4,911,16:53
686,Rod Pelley,27,TOT,C,52,2,1,3,1,-3,16,2,0,0,0,44,4.5,403,7:45
687,Michael Sauer,24,NYR,D,19,1,2,3,1,9,21,1,0,0,0,14,7.1,356,18:44
688,Jaden Schwartz,19,STL,C,7,2,1,3,1,1,0,1,1,0,1,6,33.3,82,11:41
689,Frederic St. Denis,26,MTL,D,17,1,2,3,1,3,10,1,0,0,0,11,9.1,247,14:31
690,Michael Stone,21,PHX,D,13,1,2,3,1,7,2,1,0,0,0,13,7.7,180,13:53
691,Tyson Strachan,27,FLA,RW,15,1,2,3,1,1,5,1,0,0,0,14,7.1,215,14:21
692,Chris Summers,23,PHX,D,21,0,3,3,1,-4,11,0,0,0,0,10,0,261,12:27
693,Brett Sutter,24,CAR,C,15,0,3,3,1,-1,11,0,0,0,0,11,0,114,7:34
694,Ryan White,23,MTL,RW,20,0,3,3,1,-7,61,0,0,0,0,12,0,290,14:31
695,Mats Zuccarello,24,NYR,LW,10,2,1,3,1,0,6,1,1,0,1,10,20,100,10:03
696,Cam Barker,25,EDM,D,25,2,0,2,1,0,23,1,1,0,1,35,5.7,459,18:22
697,Jordie Benn,24,DAL,D,3,0,2,2,1,1,0,0,0,0,0,1,0,42,13:57
698,Niclas Bergfors,24,NSH,RW,11,1,1,2,1,-2,2,1,0,0,1,11,9.1,89,8:04
699,Zach Boychuk,22,CAR,C,16,0,2,2,1,-3,0,0,0,0,0,10,0,143,8:55
700,Mike Commodore,32,TOT,D,30,0,2,2,1,7,38,0,0,0,0,23,0,378,12:36
701,Davis Drewiske,27,LAK,D,9,2,0,2,1,0,2,2,0,0,0,11,18.2,113,12:34
702,Mike Duco,24,VAN,LW,6,0,2,2,1,1,5,0,0,0,0,4,0,48,8:03
703,Tim Erixon,20,NYR,D,18,0,2,2,1,-2,8,0,0,0,0,9,0,234,0.541666667
704,John Erskine,31,WSH,D,28,0,2,2,1,3,51,0,0,0,0,20,0,339,12:06
705,Mark Fistric,25,DAL,D,60,0,2,2,1,-3,41,0,0,0,0,30,0,991,16:31
706,Josh Green,34,EDM,LW,7,1,1,2,1,-6,7,0,1,0,0,14,7.1,83,11:49
707,Nate Guenin,29,ANA,D,15,2,0,2,1,6,6,2,0,0,1,5,40,167,11:09
708,Zach Hamill,23,BOS,C,16,0,2,2,1,3,4,0,0,0,0,13,0,176,10:59
709,Peter Harrold,28,NJD,D,11,0,2,2,1,0,0,0,0,0,0,11,0,161,14:36
710,Randy Jones,30,WPG,D,39,1,1,2,1,4,8,1,0,0,0,24,4.2,578,14:49
711,Matt Kassian,25,MIN,LW,24,2,0,2,1,-2,55,2,0,0,0,13,15.4,133,5:33
712,Tim Kennedy,25,FLA,LW,27,1,1,2,1,-11,4,1,0,0,1,22,4.5,301,11:08
713,Rob Klinkhammer,25,OTT,LW,15,0,2,2,1,0,2,0,0,0,0,26,0,172,11:27
714,Tomas Kubalik,21,CBJ,RW,8,1,1,2,1,-3,6,1,0,0,0,8,12.5,106,13:18
715,Pierre-Cedric Labrie,25,TBL,LW,14,0,2,2,1,-2,15,0,0,0,0,5,0,83,5:54
716,Mike Lundin,27,MIN,D,17,0,2,2,1,-1,4,0,0,0,0,9,0,344,20:12
717,Brett Maclean,23,WPG,LW,5,0,2,2,1,1,2,0,0,0,0,6,0,42,8:29
718,Brad Malone,22,COL,C,9,0,2,2,1,1,0,0,0,0,0,6,0,90,10:03
719,Maksim Mayorov,22,CBJ,LW,10,1,1,2,1,-3,2,1,0,0,0,9,11.1,107,10:40
720,Brian McGrattan,30,NSH,RW,30,0,2,2,1,-1,61,0,0,0,0,10,0,160,5:19
721,David McIntyre,24,MIN,C,7,1,1,2,1,-1,2,1,0,0,0,6,16.7,76,10:55
722,Mike Mottau,33,TOT,D,35,0,2,2,1,-11,15,0,0,0,0,22,0,493,14:05
723,Jed Ortmeyer,33,MIN,RW,35,1,1,2,1,-8,14,1,0,0,1,41,2.4,340,9:43
724,Scott Parse,27,LAK,C,9,2,0,2,1,1,14,1,1,0,0,9,22.2,102,11:17
725,Brandon Pirri,20,CHI,C,5,0,2,2,1,2,0,0,0,0,0,5,0,68,13:31
726,Chad Rau,25,MIN,C,9,2,0,2,1,-1,0,2,0,0,2,7,28.6,98,10:53
727,Ryan Russell,24,CBJ,C,41,2,0,2,1,-7,2,2,0,0,0,39,5.1,479,11:41
728,Ben Smith,23,CHI,RW,13,2,0,2,1,-5,0,2,0,0,0,18,11.1,128,9:49
729,Jeff Taffe,30,MIN,C,5,0,2,2,1,2,0,0,0,0,0,7,0,65,12:55
730,Chris Tanev,22,VAN,D,25,0,2,2,1,10,2,0,0,0,0,15,0,418,16:43
731,Eric Tangradi,22,PIT,LW,24,0,2,2,1,-4,16,0,0,0,0,20,0,215,8:56
732,Stephane Veilleux,30,TOT,LW,22,0,2,2,1,-2,15,0,0,0,0,16,0,216,9:49
733,Kevin Westgarth,27,LAK,RW,25,1,1,2,1,-3,39,1,0,0,0,13,7.7,132,5:16
734,Jason Williams,31,PIT,C,8,1,1,2,1,1,4,1,0,0,0,4,25,85,10:34
735,Jason Zucker,20,MIN,LW,6,0,2,2,1,-2,2,0,0,0,0,10,0,66,11:02
736,Cody Almond,22,MIN,C,10,1,0,1,1,-5,15,1,0,0,0,7,14.3,102,10:13
737,Mike Angelidis,26,TBL,C,6,1,0,1,1,-1,5,1,0,0,0,8,12.5,39,6:30
738,Cody Bass,25,CBJ,C,14,0,1,1,0,0,32,0,0,0,0,13,0,127,9:05
739,Paul Bissonnette,26,PHX,LW,31,1,0,1,1,-4,41,1,0,0,1,15,6.7,188,6:04
740,T.J. Brennan,22,BUF,D,11,1,0,1,1,0,6,1,0,0,0,14,7.1,155,14:07
741,J.T. Brown,21,TBL,LW,5,0,1,1,0,2,0,0,0,0,0,13,0,69,13:51
742,Fabian Brunnstrom,26,DET,LW,5,0,1,1,0,-2,4,0,0,0,0,6,0,45,9:04
743,Carter Camper,23,BOS,C,3,1,0,1,1,1,0,1,0,0,0,1,100,20,6:42
744,Philippe Cornet,21,EDM,LW,2,0,1,1,0,0,0,0,0,0,0,0,,21,10:35
745,Adam Cracknell,26,STL,RW,2,1,0,1,1,1,0,1,0,0,0,1,100,15,7:39
746,Mark Cullen,33,FLA,C,6,0,1,1,0,2,2,0,0,0,0,1,0,48,0.333333333
747,Andre Deveaux,27,NYR,C,9,0,1,1,0,3,29,0,0,0,0,2,0,48,5:23
748,Patrick Eaves,27,DET,RW,10,0,1,1,0,0,2,0,0,0,0,24,0,110,11:03
749,Cade Fairchild,23,STL,D,5,0,1,1,0,-1,0,0,0,0,0,1,0,48,9:39
750,Nikita Filatov,21,OTT,LW,9,0,1,1,0,1,4,0,0,0,0,6,0,88,9:49
751,Chay Genoway,25,MIN,D,1,0,1,1,0,0,0,0,0,0,0,1,0,18,18:16
752,Stephen Gionta,28,NJD,RW,1,1,0,1,1,1,0,1,0,0,1,2,50,11,10:37
753,Alexandre Giroux,30,CBJ,C,9,1,0,1,1,-2,8,1,0,0,0,18,5.6,110,12:12
754,Ryan Hamilton,26,TOR,LW,2,0,1,1,0,-1,2,0,0,0,0,1,0,26,13:08
755,Peter Holland,21,ANA,C,4,1,0,1,1,0,2,1,0,0,1,1,100,31,7:42
756,Jason Jaffray,30,WPG,RW,13,0,1,1,0,-1,7,0,0,0,0,10,0,85,6:30
757,Doug Janik,31,DET,D,9,0,1,1,0,2,6,0,0,0,0,6,0,131,14:30
758,Cam Janssen,27,NJD,RW,48,0,1,1,0,-8,75,0,0,0,0,17,0,225,4:41
759,Krys Kolanos,30,CGY,C,13,0,1,1,0,-1,2,0,0,0,0,29,0,128,9:51
760,Torey Krug,20,BOS,D,2,0,1,1,0,0,0,0,0,0,0,3,0,34,17:08
761,Radek Martinek,35,CBJ,D,7,1,0,1,1,-3,0,1,0,0,0,10,10,136,19:26
762,Brad Mills,28,NJD,C,27,0,1,1,0,-10,32,0,0,0,0,18,0,194,7:11
763,Riley Nash,22,CAR,C,5,0,1,1,0,1,2,0,0,0,0,2,0,53,10:34
764,Nino Niederreiter,19,NYI,RW,55,1,0,1,1,-29,12,1,0,0,0,74,1.4,556,10:07
765,Ryan O'Marra,24,TOT,C,9,0,1,1,0,-1,4,0,0,0,0,7,0,84,9:17
766,Dylan Olsen,21,CHI,D,28,0,1,1,0,-5,6,0,0,0,0,16,0,365,13:02
767,Colton Orr,29,TOR,RW,5,1,0,1,1,1,5,1,0,0,0,3,33.3,22,4:29
768,Jarod Palmer,25,MIN,RW,6,1,0,1,1,-2,4,1,0,0,0,14,7.1,80,13:20
769,Alex Plante,22,EDM,D,3,0,1,1,0,0,2,0,0,0,0,0,,32,10:39
770,Mark Scheifele,18,WPG,C,7,1,0,1,1,0,0,0,1,0,0,5,20,77,10:57
771,John Scott,29,TOT,D,35,0,1,1,0,-1,53,0,0,0,0,9,0,235,6:42
772,Tom Sestito,24,PHI,LW,14,0,1,1,0,-3,83,0,0,0,0,4,0,97,6:54
773,Jody Shelley,35,PHI,LW,30,0,1,1,0,-6,64,0,0,0,0,19,0,170,5:39
774,Carl Sneep,24,PIT,D,1,0,1,1,0,1,0,0,0,0,0,0,,16,16:19
775,Brad Staubitz,27,TOT,RW,62,1,0,1,1,-5,121,1,0,0,0,27,3.7,404,6:31
776,Brian Strait,24,PIT,D,9,0,1,1,0,-2,4,0,0,0,0,4,0,116,12:53
777,Colten Teubert,21,EDM,D,24,0,1,1,0,-5,25,0,0,0,0,13,0,303,12:39
778,Bill Thomas,28,FLA,RW,7,1,0,1,1,0,0,1,0,0,0,9,11.1,61,8:44
779,Travis Turnbull,25,BUF,C,3,1,0,1,1,0,5,1,0,0,0,3,33.3,15,4:55
780,Alexander Urbom,21,NJD,D,5,1,0,1,1,1,9,1,0,0,0,3,33.3,68,13:36
781,Chris Vande Velde,24,EDM,C,5,1,0,1,1,2,2,1,0,0,0,1,100,49,9:52
782,Aaron Volpatti,26,VAN,RW,23,1,0,1,1,-2,37,1,0,0,0,17,5.9,206,8:58
783,Mika Zibanejad,18,OTT,C,9,0,1,1,0,-3,2,0,0,0,0,12,0,116,12:54
784,Joakim Andersson,22,DET,C,5,0,0,0,0,1,0,0,0,0,0,3,0,33,6:40
785,Carter Ashton,20,TOR,RW,15,0,0,0,0,-10,13,0,0,0,0,22,0,156,10:25
786,Tyson Barrie,20,COL,D,10,0,0,0,0,-2,0,0,0,0,0,15,0,176,17:39
787,Matt Bartkowski,23,BOS,D,3,0,0,0,0,-2,0,0,0,0,0,0,,18,6:08
788,Brendan Bell,28,NYR,D,1,0,0,0,0,-1,0,0,0,0,0,2,0,11,11:26
789,Mark Bell,31,ANA,LW,5,0,0,0,0,0,5,0,0,0,0,0,,32,6:26
790,Alexandre Bolduc,26,PHX,C,2,0,0,0,0,-1,2,0,0,0,0,1,0,14,7:10
791,Brandon Bollig,25,CHI,LW,18,0,0,0,0,-2,58,0,0,0,0,16,0,106,5:53
792,Mark Borowiecki,22,OTT,D,2,0,0,0,0,-1,2,0,0,0,0,1,0,25,12:30
793,Robert Bortuzzo,22,PIT,D,6,0,0,0,0,1,2,0,0,0,0,3,0,65,10:54
794,Eric Boulton,35,NJD,LW,51,0,0,0,0,-12,115,0,0,0,0,25,0,336,6:35
795,Evan Brophey,25,COL,C,3,0,0,0,0,0,0,0,0,0,0,0,,13,4:11
796,Dane Byers,25,CBJ,LW,8,0,0,0,0,0,29,0,0,0,0,8,0,65,8:05
797,Brett Carson,26,CGY,D,2,0,0,0,0,-2,0,0,0,0,0,1,0,23,11:22
798,Taylor Chorney,24,TOT,D,5,0,0,0,0,-1,0,0,0,0,0,2,0,71,14:09
799,Mat Clark,21,ANA,D,2,0,0,0,0,-2,0,0,0,0,0,2,0,22,11:02
800,Sean Collins,28,WSH,D,2,0,0,0,0,-1,0,0,0,0,0,3,0,22,10:56
801,Mike Connolly,22,COL,LW,2,0,0,0,0,0,2,0,0,0,0,1,0,25,12:21
802,Patrice Cormier,21,WPG,C,9,0,0,0,0,1,0,0,0,0,0,8,0,57,6:22
803,Tyler Cuma,22,MIN,D,1,0,0,0,0,0,2,0,0,0,0,0,,11,11:09
804,Calvin De Haan,20,NYI,D,1,0,0,0,0,1,0,0,0,0,0,2,0,13,13:01
805,Guillaume Desbiens,26,CGY,D,10,0,0,0,0,-1,25,0,0,0,0,2,0,71,7:07
806,Brenden Dillon,21,DAL,D,1,0,0,0,0,0,0,0,0,0,0,6,0,20,19:59
807,Jon DiSalvatore,30,MIN,LW,1,0,0,0,0,0,2,0,0,0,0,2,0,14,14:27
808,Matt Donovan,21,NYI,D,3,0,0,0,0,-3,0,0,0,0,0,6,0,56,18:34
809,Gabriel Dumont,21,MTL,C,3,0,0,0,0,-1,0,0,0,0,0,1,0,26,8:34
810,Philippe Dupuis,26,TOR,C,30,0,0,0,0,-2,16,0,0,0,0,30,0,315,10:30
811,Mattias Ekholm,21,NSH,D,2,0,0,0,0,-1,0,0,0,0,0,1,0,25,12:25
812,Andreas Engqvist,24,MTL,C,12,0,0,0,0,-1,4,0,0,0,0,3,0,79,6:36
813,Brett Festerling,25,WPG,D,5,0,0,0,0,-1,2,0,0,0,0,2,0,66,13:07
814,Joe Finley,24,BUF,D,5,0,0,0,0,-3,12,0,0,0,0,1,0,39,7:48
815,Kris Foucault,21,MIN,LW,1,0,0,0,0,0,0,0,0,0,0,0,,9,8:50
816,Mark Fraser,25,NJD,D,4,0,0,0,0,-2,14,0,0,0,0,0,,57,14:20
817,Matt Fraser,21,DAL,LW,1,0,0,0,0,0,0,0,0,0,0,1,0,4,3:57
818,Kris Fredheim,24,MIN,D,3,0,0,0,0,-2,2,0,0,0,0,0,,36,11:59
819,Aaron Gagnon,25,WPG,C,7,0,0,0,0,-1,0,0,0,0,0,6,0,66,9:27
820,Trevor Gillies,33,NYI,LW,3,0,0,0,0,-1,0,0,0,0,0,1,0,9,2:52
821,Scott Glennie,20,DAL,RW,1,0,0,0,0,0,2,0,0,0,0,0,,10,9:35
822,Cody Goloubef,22,CBJ,D,1,0,0,0,0,1,0,0,0,0,0,0,,6,6:00
823,Micheal Haley,25,NYI,C,14,0,0,0,0,-1,57,0,0,0,0,13,0,111,7:57
824,Josh Hennessy,26,BOS,C,3,0,0,0,0,1,2,0,0,0,0,2,0,20,6:46
825,Mike Hoffman,22,OTT,C,1,0,0,0,0,-1,0,0,0,0,0,0,,9,9:01
826,Ben Holmstrom,24,PHI,C,5,0,0,0,0,0,2,0,0,0,0,3,0,34,6:43
827,Kristian Huselius,33,CBJ,LW,2,0,0,0,0,-2,2,0,0,0,0,2,0,32,16:12
828,Raitis Ivanans,33,CGY,LW,1,0,0,0,0,-1,0,0,0,0,0,0,,11,11:05
829,Jean-Francois Jacques,26,ANA,LW,6,0,0,0,0,2,12,0,0,0,0,7,0,40,6:37
830,Andrew Joudrey,27,CBJ,C,1,0,0,0,0,0,0,0,0,0,0,1,0,9,9:16
831,Bracken Kearns,30,FLA,C,5,0,0,0,0,0,10,0,0,0,0,0,,36,7:14
832,D.J. King,28,WSH,LW,1,0,0,0,0,0,0,0,0,0,0,1,0,7,6:58
833,Carl Klingberg,21,WPG,LW,6,0,0,0,0,-1,4,0,0,0,0,7,0,33,5:30
834,Arturs Kulda,23,WPG,D,9,0,0,0,0,3,4,0,0,0,0,8,0,98,10:52
835,Tomas Kundratek,22,WSH,D,5,0,0,0,0,0,2,0,0,0,0,2,0,49,9:45
836,Milan Kytnar,22,EDM,C,1,0,0,0,0,0,0,0,0,0,0,1,0,6,5:31
837,Teemu Laakso,24,NSH,D,9,0,0,0,0,-1,8,0,0,0,0,4,0,104,11:35
838,Pierre-Luc Letourneau-Leblond,26,CGY,RW,3,0,0,0,0,1,10,0,0,0,0,3,0,15,4:51
839,Lane MacDermid,22,BOS,D,5,0,0,0,0,-2,5,0,0,0,0,6,0,45,8:54
840,Steve MacIntyre,31,PIT,LW,12,0,0,0,0,0,6,0,0,0,0,0,,38,3:11
841,Mark Mancari,26,VAN,RW,6,0,0,0,0,0,0,0,0,0,0,5,0,50,8:19
842,Brandon Manning,21,PHI,D,4,0,0,0,0,1,0,0,0,0,0,6,0,55,13:44
843,Patrick Maroon,23,ANA,LW,2,0,0,0,0,0,2,0,0,0,0,1,0,25,12:33
844,Kevin Marshall,22,PHI,D,10,0,0,0,0,-1,8,0,0,0,0,6,0,88,8:46
845,Jon Matsumoto,25,FLA,C,1,0,0,0,0,0,0,0,0,0,0,0,,5,5:04
846,Kenndal McArdle,25,WPG,LW,9,0,0,0,0,-3,4,0,0,0,0,3,0,55,6:07
847,John McCarthy,25,SJS,LW,10,0,0,0,0,-2,10,0,0,0,0,14,0,94,9:26
848,Colin McDonald,27,PIT,C,5,0,0,0,0,0,0,0,0,0,0,6,0,42,8:28
849,Frazer McLaren,24,SJS,LW,7,0,0,0,0,0,9,0,0,0,0,2,0,34,4:53
850,Derek Meech,27,WPG,D,2,0,0,0,0,1,4,0,0,0,0,2,0,23,11:27
851,Andy Miele,23,PHX,C,7,0,0,0,0,-3,6,0,0,0,0,4,0,63,8:56
852,Jeremy Morin,20,CHI,LW,3,0,0,0,0,-1,0,0,0,0,0,2,0,27,8:52
853,Chris Mueller,25,NSH,C,4,0,0,0,0,-1,0,0,0,0,0,4,0,37,9:09
854,Greg Nemisz,21,CGY,C,9,0,0,0,0,1,0,0,0,0,0,2,0,69,7:43
855,Aaron Ness,21,NYI,D,9,0,0,0,0,0,2,0,0,0,0,6,0,152,16:56
856,Kris Newbury,29,NYR,C,7,0,0,0,0,-1,24,0,0,0,0,2,0,41,5:53
857,Evan Oberg,23,TBL,D,3,0,0,0,0,2,0,0,0,0,0,3,0,30,9:50
858,Rostislav Olesz,26,CHI,C,6,0,0,0,0,-1,6,0,0,0,0,6,0,55,9:06
859,Victor Oreskovich,25,VAN,D,1,0,0,0,0,0,7,0,0,0,0,0,,6,6:17
860,Andre Petersson,21,OTT,RW,1,0,0,0,0,0,0,0,0,0,0,0,,5,5:02
861,Joe Piskula,27,CGY,D,5,0,0,0,0,-5,2,0,0,0,0,2,0,54,10:54
862,Paul Postma,22,WPG,D,3,0,0,0,0,0,0,0,0,0,0,3,0,26,8:31
863,Dalton Prout,21,CBJ,D,5,0,0,0,0,1,0,0,0,0,0,2,0,59,11:48
864,Rhett Rakhshani,23,NYI,RW,5,0,0,0,0,0,2,0,0,0,0,3,0,61,12:09
865,Greg Rallo,30,FLA,C,1,0,0,0,0,0,0,0,0,0,0,1,0,4,3:31
866,Joel Rechlicz,24,WSH,RW,3,0,0,0,0,0,10,0,0,0,0,0,,6,1:59
867,Mattias Ritola,24,TBL,C,5,0,0,0,0,-2,6,0,0,0,0,14,0,54,10:50
868,Colby Robak,21,FLA,D,3,0,0,0,0,1,0,0,0,0,0,1,0,38,12:34
869,Bryan Rodney,27,EDM,D,1,0,0,0,0,-1,0,0,0,0,0,0,,13,13:17
870,Jay Rosehill,26,TOR,D,31,0,0,0,0,-4,60,0,0,0,0,15,0,183,5:55
871,Brandon Saad,19,CHI,LW,2,0,0,0,0,0,0,0,0,0,0,3,0,28,14:01
872,Bobby Sanguinetti,23,CAR,D,3,0,0,0,0,0,0,0,0,0,0,5,0,36,11:56
873,Max Sauve,22,BOS,C,1,0,0,0,0,0,0,0,0,0,0,0,,4,3:43
874,Brandon Segal,28,TBL,RW,10,0,0,0,0,-2,4,0,0,0,0,8,0,66,6:35
875,Tim Sestito,27,NJD,LW,18,0,0,0,0,-5,7,0,0,0,0,6,0,149,8:15
876,Riley Sheahan,20,DET,C,1,0,0,0,0,0,4,0,0,0,0,3,0,6,6:03
877,Reilly Smith,20,DAL,RW,3,0,0,0,0,-3,2,0,0,0,0,2,0,25,8:24
878,Brett Sterling,27,STL,LW,4,0,0,0,0,-1,0,0,0,0,0,5,0,30,7:34
879,Zack Stortini,26,NSH,RW,1,0,0,0,0,0,7,0,0,0,0,1,0,5,4:53
880,Colin Stuart,29,BUF,LW,2,0,0,0,0,-3,0,0,0,0,0,0,,12,6:12
881,Bill Sweatt,23,VAN,LW,2,0,0,0,0,0,0,0,0,0,0,2,0,11,5:21
882,Ryan Thang,24,NSH,LW,1,0,0,0,0,0,0,0,0,0,0,0,,9,8:32
883,Matt Walker,31,PHI,D,4,0,0,0,0,-2,16,0,0,0,0,2,0,44,10:58
884,Francis Wathier,27,DAL,LW,1,0,0,0,0,0,0,0,0,0,0,0,,5,5:25
885,Matt Watkins,25,PHX,RW,1,0,0,0,0,-1,0,0,0,0,0,0,,7,6:37
886,Jeremy Welsh,23,CAR,LW,1,0,0,0,0,0,4,0,0,0,0,2,0,17,16:32
887,Trent Whitfield,34,BOS,C,1,0,0,0,0,0,0,0,0,0,0,1,0,14,13:59
888,Derek Whitmore,27,BUF,LW,2,0,0,0,0,0,0,0,0,0,0,2,0,25,12:31
889,Clay Wilson,28,CGY,D,5,0,0,0,0,0,4,0,0,0,0,7,0,66,13:15
890,Kyle Wilson,27,NSH,C,5,0,0,0,0,-1,0,0,0,0,0,2,0,41,8:09
891,Ty Wishart,23,NYI,D,1,0,0,0,0,0,0,0,0,0,0,0,,17,17:16
892,Nolan Yonkman,30,FLA,D,1,0,0,0,0,0,0,0,0,0,0,0,,6,6:19
893,Steven Zalewski,25,NJD,C,7,0,0,0,0,-2,0,0,0,0,0,6,0,74,10:34
894,Vladimir Zharkov,24,NJD,RW,4,0,0,0,0,-2,0,0,0,0,0,0,,20,4:53
